state,district,crop,gross_cropped_area_ha,irrigated_pct
Maharashtra,Nashik,Rice,26337.22,75.4
Punjab,Amritsar,Maize,32470.34,38.4
Uttar Pradesh,Kanpur,Wheat,11255.28,63.1
Madhya Pradesh,Gwalior,Cotton,13759.86,69.6
Karnataka,Shimoga,Potato,45314.8,54.9
Gujarat,Ahmedabad,Tomato,47236.82,74.2
Haryana,Hisar,Apple,18674.8,68.8
Rajasthan,Udaipur,Grapes,35752.65,66.3
Goa,Verna,Onion,18032.91,79.5
Tamil Nadu,Tirupur,Soybean,16635.4,76.5
Maharashtra,Nashik,Rice,3013.31,83.8
Punjab,Amritsar,Maize,3989.53,70.0
Uttar Pradesh,Kanpur,Wheat,42033.53,61.6
Madhya Pradesh,Gwalior,Cotton,46861.68,31.0
Karnataka,Shimoga,Potato,49165.88,81.6
Gujarat,Ahmedabad,Tomato,14225.46,50.0
Haryana,Hisar,Apple,11446.65,78.5
Rajasthan,Udaipur,Grapes,39566.16,93.1
Goa,Verna,Onion,3402.38,56.8
Tamil Nadu,Tirupur,Soybean,10752.2,65.9
Maharashtra,Nashik,Rice,19459.68,90.2
Punjab,Amritsar,Maize,7718.56,41.9
Uttar Pradesh,Kanpur,Wheat,31772.64,56.6
Madhya Pradesh,Gwalior,Cotton,7504.64,83.1
Karnataka,Shimoga,Potato,18417.44,51.3
Gujarat,Ahmedabad,Tomato,24780.81,65.7
Haryana,Hisar,Apple,34757.19,85.9
Rajasthan,Udaipur,Grapes,15189.95,53.8
Goa,Verna,Onion,34555.92,30.4
Tamil Nadu,Tirupur,Soybean,34075.37,87.7
Maharashtra,Nashik,Rice,28187.35,87.9
Punjab,Amritsar,Maize,5176.44,39.6
Uttar Pradesh,Kanpur,Wheat,49165.3,91.3
Madhya Pradesh,Gwalior,Cotton,38847.88,41.0
Karnataka,Shimoga,Potato,9560.95,48.1
Gujarat,Ahmedabad,Tomato,18222.39,30.8
Haryana,Hisar,Apple,39001.65,82.0
Rajasthan,Udaipur,Grapes,41399.99,76.6
Goa,Verna,Onion,20548.35,59.7
Tamil Nadu,Tirupur,Soybean,46115.63,65.6
Maharashtra,Nashik,Rice,5180.51,52.3
Punjab,Amritsar,Maize,39750.32,48.4
Uttar Pradesh,Kanpur,Wheat,37958.54,47.1
Madhya Pradesh,Gwalior,Cotton,31773.19,76.0
Karnataka,Shimoga,Potato,27030.86,93.1
Gujarat,Ahmedabad,Tomato,18518.22,76.5
Haryana,Hisar,Apple,41434.08,71.7
Rajasthan,Udaipur,Grapes,13240.56,61.8
Goa,Verna,Onion,30291.98,72.1
Tamil Nadu,Tirupur,Soybean,46670.46,56.1
Maharashtra,Nashik,Rice,47740.37,36.6
Punjab,Amritsar,Maize,38456.37,36.4
Uttar Pradesh,Kanpur,Wheat,48095.01,50.5
Madhya Pradesh,Gwalior,Cotton,27997.52,90.6
Karnataka,Shimoga,Potato,45855.08,48.5
Gujarat,Ahmedabad,Tomato,38622.97,62.4
Haryana,Hisar,Apple,5554.89,66.3
Rajasthan,Udaipur,Grapes,17501.02,61.6
Goa,Verna,Onion,19505.95,92.7
Tamil Nadu,Tirupur,Soybean,3191.05,77.7
Maharashtra,Nashik,Rice,24314.06,79.9
Punjab,Amritsar,Maize,47538.17,52.6
Uttar Pradesh,Kanpur,Wheat,20201.91,40.6
Madhya Pradesh,Gwalior,Cotton,8951.52,71.3
Karnataka,Shimoga,Potato,13346.96,76.4
Gujarat,Ahmedabad,Tomato,46439.76,75.0
Haryana,Hisar,Apple,45527.18,59.1
Rajasthan,Udaipur,Grapes,33069.06,64.6
Goa,Verna,Onion,10631.09,77.9
Tamil Nadu,Tirupur,Soybean,38687.83,49.0
Maharashtra,Nashik,Rice,15034.09,81.5
Punjab,Amritsar,Maize,25332.43,41.7
Uttar Pradesh,Kanpur,Wheat,44182.15,90.8
Madhya Pradesh,Gwalior,Cotton,41281.54,89.2
Karnataka,Shimoga,Potato,10255.39,69.7
Gujarat,Ahmedabad,Tomato,1584.49,87.9
Haryana,Hisar,Apple,20232.48,85.2
Rajasthan,Udaipur,Grapes,13720.67,87.3
Goa,Verna,Onion,35578.45,72.9
Tamil Nadu,Tirupur,Soybean,29304.41,70.9
Maharashtra,Nashik,Rice,22700.87,52.3
Punjab,Amritsar,Maize,11024.39,46.5
Uttar Pradesh,Kanpur,Wheat,7411.32,44.2
Madhya Pradesh,Gwalior,Cotton,26460.47,48.2
Karnataka,Shimoga,Potato,49679.94,59.3
Gujarat,Ahmedabad,Tomato,12061.06,76.5
Haryana,Hisar,Apple,33340.86,50.1
Rajasthan,Udaipur,Grapes,23941.75,79.2
Goa,Verna,Onion,7843.77,34.8
Tamil Nadu,Tirupur,Soybean,19639.76,74.6
Maharashtra,Nashik,Rice,21999.7,68.1
Punjab,Amritsar,Maize,44849.22,57.1
Uttar Pradesh,Kanpur,Wheat,7486.98,55.5
Madhya Pradesh,Gwalior,Cotton,38204.34,55.9
Karnataka,Shimoga,Potato,43587.12,59.6
Gujarat,Ahmedabad,Tomato,31130.56,54.8
Haryana,Hisar,Apple,34936.93,39.0
Rajasthan,Udaipur,Grapes,43095.55,34.8
Goa,Verna,Onion,13133.92,76.7
Tamil Nadu,Tirupur,Soybean,32437.89,30.3
Maharashtra,Nashik,Rice,40366.95,56.7
Punjab,Amritsar,Maize,22195.7,61.0
Uttar Pradesh,Kanpur,Wheat,39724.22,93.1
Madhya Pradesh,Gwalior,Cotton,12598.33,82.9
Karnataka,Shimoga,Potato,46347.84,69.4
Gujarat,Ahmedabad,Tomato,20394.44,49.0
Haryana,Hisar,Apple,25059.83,62.0
Rajasthan,Udaipur,Grapes,29237.65,35.2
Goa,Verna,Onion,28218.13,51.3
Tamil Nadu,Tirupur,Soybean,44851.33,74.7
Maharashtra,Nashik,Rice,30432.19,40.0
Punjab,Amritsar,Maize,42572.89,48.0
Uttar Pradesh,Kanpur,Wheat,41719.24,86.3
Madhya Pradesh,Gwalior,Cotton,41326.41,30.6
Karnataka,Shimoga,Potato,46655.24,89.4
Gujarat,Ahmedabad,Tomato,7934.61,42.0
Haryana,Hisar,Apple,20753.79,72.9
Rajasthan,Udaipur,Grapes,40602.85,88.5
Goa,Verna,Onion,18775.95,39.2
Tamil Nadu,Tirupur,Soybean,45135.72,89.4
Maharashtra,Nashik,Rice,43845.8,73.4
Punjab,Amritsar,Maize,11926.21,87.3
Uttar Pradesh,Kanpur,Wheat,18333.37,45.2
Madhya Pradesh,Gwalior,Cotton,7605.69,44.6
Karnataka,Shimoga,Potato,35676.02,42.4
Gujarat,Ahmedabad,Tomato,46392.11,33.0
Haryana,Hisar,Apple,41529.98,68.6
Rajasthan,Udaipur,Grapes,42253.69,76.7
Goa,Verna,Onion,30774.08,67.5
Tamil Nadu,Tirupur,Soybean,23960.12,33.6
Maharashtra,Nashik,Rice,14734.75,49.9
Punjab,Amritsar,Maize,29213.95,54.0
Uttar Pradesh,Kanpur,Wheat,14409.5,70.7
Madhya Pradesh,Gwalior,Cotton,18190.15,71.5
Karnataka,Shimoga,Potato,24557.52,78.7
Gujarat,Ahmedabad,Tomato,9261.98,94.9
Haryana,Hisar,Apple,21231.5,78.7
Rajasthan,Udaipur,Grapes,41415.9,75.0
Goa,Verna,Onion,19822.26,82.7
Tamil Nadu,Tirupur,Soybean,40091.62,39.2
Maharashtra,Nashik,Rice,34625.81,85.6
Punjab,Amritsar,Maize,26577.88,68.6
Uttar Pradesh,Kanpur,Wheat,45675.34,56.5
Madhya Pradesh,Gwalior,Cotton,10741.32,51.4
Karnataka,Shimoga,Potato,25322.12,72.8
Gujarat,Ahmedabad,Tomato,5298.45,33.0
Haryana,Hisar,Apple,1391.4,67.1
Rajasthan,Udaipur,Grapes,38168.08,56.0
Goa,Verna,Onion,25818.31,33.7
Tamil Nadu,Tirupur,Soybean,11352.92,85.0
Maharashtra,Nashik,Rice,28294.22,47.2
Punjab,Amritsar,Maize,29782.51,71.9
Uttar Pradesh,Kanpur,Wheat,22902.76,50.4
Madhya Pradesh,Gwalior,Cotton,39442.82,54.3
Karnataka,Shimoga,Potato,42336.84,68.6
Gujarat,Ahmedabad,Tomato,8819.26,42.6
Haryana,Hisar,Apple,40813.63,67.7
Rajasthan,Udaipur,Grapes,6849.89,88.3
Goa,Verna,Onion,4131.38,69.9
Tamil Nadu,Tirupur,Soybean,26587.77,83.2
Maharashtra,Nashik,Rice,35526.46,43.5
Punjab,Amritsar,Maize,28407.55,76.4
Uttar Pradesh,Kanpur,Wheat,34608.07,80.4
Madhya Pradesh,Gwalior,Cotton,13975.62,34.3
Karnataka,Shimoga,Potato,33394.16,81.2
Gujarat,Ahmedabad,Tomato,25208.07,90.1
Haryana,Hisar,Apple,43265.96,71.7
Rajasthan,Udaipur,Grapes,44941.64,46.0
Goa,Verna,Onion,17206.9,43.0
Tamil Nadu,Tirupur,Soybean,18648.39,38.5
Maharashtra,Nashik,Rice,22163.3,55.2
Punjab,Amritsar,Maize,43432.08,60.9
Uttar Pradesh,Kanpur,Wheat,39162.49,90.1
Madhya Pradesh,Gwalior,Cotton,10745.87,74.1
Karnataka,Shimoga,Potato,18738.19,84.6
Gujarat,Ahmedabad,Tomato,39358.24,63.6
Haryana,Hisar,Apple,2717.82,71.5
Rajasthan,Udaipur,Grapes,1941.06,37.9
Goa,Verna,Onion,39198.3,68.6
Tamil Nadu,Tirupur,Soybean,42161.72,63.0
Maharashtra,Nashik,Rice,25128.97,69.0
Punjab,Amritsar,Maize,12939.64,33.2
Uttar Pradesh,Kanpur,Wheat,32365.68,49.9
Madhya Pradesh,Gwalior,Cotton,17523.35,80.0
Karnataka,Shimoga,Potato,46795.0,40.1
Gujarat,Ahmedabad,Tomato,17556.74,51.2
Haryana,Hisar,Apple,13442.01,40.6
Rajasthan,Udaipur,Grapes,6406.95,57.6
Goa,Verna,Onion,44935.69,48.9
Tamil Nadu,Tirupur,Soybean,24480.91,48.6
Maharashtra,Nashik,Rice,1642.91,46.5
Punjab,Amritsar,Maize,41178.73,94.7
Uttar Pradesh,Kanpur,Wheat,36810.39,37.1
Madhya Pradesh,Gwalior,Cotton,40753.28,50.0
Karnataka,Shimoga,Potato,34922.37,78.4
Gujarat,Ahmedabad,Tomato,42601.15,93.1
Haryana,Hisar,Apple,35132.25,80.0
Rajasthan,Udaipur,Grapes,20211.57,50.0
Goa,Verna,Onion,42186.44,44.8
Tamil Nadu,Tirupur,Soybean,11817.06,89.1
Maharashtra,Nashik,Rice,43001.26,34.0
Punjab,Amritsar,Maize,34151.79,44.9
Uttar Pradesh,Kanpur,Wheat,32124.61,38.2
Madhya Pradesh,Gwalior,Cotton,6318.09,42.2
Karnataka,Shimoga,Potato,4173.01,40.5
Gujarat,Ahmedabad,Tomato,29398.24,89.0
Haryana,Hisar,Apple,21248.95,77.5
Rajasthan,Udaipur,Grapes,42449.04,78.5
Goa,Verna,Onion,46829.69,47.5
Tamil Nadu,Tirupur,Soybean,22271.9,87.9
Maharashtra,Nashik,Rice,48157.25,45.2
Punjab,Amritsar,Maize,45047.89,45.0
Uttar Pradesh,Kanpur,Wheat,37036.46,57.9
Madhya Pradesh,Gwalior,Cotton,46318.79,62.0
Karnataka,Shimoga,Potato,25875.12,74.2
Gujarat,Ahmedabad,Tomato,25293.1,76.9
Haryana,Hisar,Apple,24223.36,92.3
Rajasthan,Udaipur,Grapes,19440.16,36.6
Goa,Verna,Onion,37941.84,35.1
Tamil Nadu,Tirupur,Soybean,3844.21,34.0
Maharashtra,Nashik,Rice,8214.09,50.7
Punjab,Amritsar,Maize,33557.0,78.5
Uttar Pradesh,Kanpur,Wheat,41906.76,78.1
Madhya Pradesh,Gwalior,Cotton,31670.14,54.9
Karnataka,Shimoga,Potato,37748.65,91.8
Gujarat,Ahmedabad,Tomato,32746.43,32.0
Haryana,Hisar,Apple,4945.08,68.6
Rajasthan,Udaipur,Grapes,24507.45,37.8
Goa,Verna,Onion,7939.65,62.2
Tamil Nadu,Tirupur,Soybean,42716.78,61.8
Maharashtra,Nashik,Rice,28192.47,54.0
Punjab,Amritsar,Maize,1156.87,42.9
Uttar Pradesh,Kanpur,Wheat,49113.55,80.3
Madhya Pradesh,Gwalior,Cotton,10399.04,79.8
Karnataka,Shimoga,Potato,48856.4,77.9
Gujarat,Ahmedabad,Tomato,36795.02,36.6
Haryana,Hisar,Apple,8019.28,69.9
Rajasthan,Udaipur,Grapes,13712.93,44.7
Goa,Verna,Onion,14528.33,93.1
Tamil Nadu,Tirupur,Soybean,49203.06,61.0
Maharashtra,Nashik,Rice,47456.58,58.7
Punjab,Amritsar,Maize,29757.53,91.6
Uttar Pradesh,Kanpur,Wheat,42923.96,50.6
Madhya Pradesh,Gwalior,Cotton,45554.93,34.4
Karnataka,Shimoga,Potato,22851.42,65.0
Gujarat,Ahmedabad,Tomato,46532.21,70.7
Haryana,Hisar,Apple,45664.73,54.7
Rajasthan,Udaipur,Grapes,19221.08,57.5
Goa,Verna,Onion,27691.69,62.2
Tamil Nadu,Tirupur,Soybean,47065.0,54.4
Maharashtra,Nashik,Rice,49659.66,64.3
Punjab,Amritsar,Maize,47525.53,61.4
Uttar Pradesh,Kanpur,Wheat,37593.32,65.2
Madhya Pradesh,Gwalior,Cotton,45533.26,33.9
Karnataka,Shimoga,Potato,42000.74,46.8
Gujarat,Ahmedabad,Tomato,15191.5,49.0
Haryana,Hisar,Apple,7955.53,33.8
Rajasthan,Udaipur,Grapes,24382.68,45.3
Goa,Verna,Onion,19514.53,39.5
Tamil Nadu,Tirupur,Soybean,30970.64,90.5
Maharashtra,Nashik,Rice,26289.22,30.6
Punjab,Amritsar,Maize,20587.24,74.0
Uttar Pradesh,Kanpur,Wheat,31106.52,70.7
Madhya Pradesh,Gwalior,Cotton,5145.9,80.4
Karnataka,Shimoga,Potato,37283.65,88.9
Gujarat,Ahmedabad,Tomato,18319.08,93.9
Haryana,Hisar,Apple,2531.09,62.8
Rajasthan,Udaipur,Grapes,18421.09,68.2
Goa,Verna,Onion,49982.16,41.6
Tamil Nadu,Tirupur,Soybean,27842.51,67.4
Maharashtra,Nashik,Rice,17531.32,87.0
Punjab,Amritsar,Maize,8568.97,65.8
Uttar Pradesh,Kanpur,Wheat,40597.76,31.6
Madhya Pradesh,Gwalior,Cotton,2981.67,86.8
Karnataka,Shimoga,Potato,2044.81,67.3
Gujarat,Ahmedabad,Tomato,47746.24,54.7
Haryana,Hisar,Apple,41527.73,53.8
Rajasthan,Udaipur,Grapes,6373.72,82.6
Goa,Verna,Onion,8336.73,80.7
Tamil Nadu,Tirupur,Soybean,30416.56,93.1
Maharashtra,Nashik,Rice,38140.2,62.3
Punjab,Amritsar,Maize,25877.39,45.3
Uttar Pradesh,Kanpur,Wheat,42982.62,77.4
Madhya Pradesh,Gwalior,Cotton,45339.95,56.1
Karnataka,Shimoga,Potato,11850.68,92.2
Gujarat,Ahmedabad,Tomato,2862.35,75.5
Haryana,Hisar,Apple,41655.37,47.1
Rajasthan,Udaipur,Grapes,15112.2,91.2
Goa,Verna,Onion,11959.72,54.5
Tamil Nadu,Tirupur,Soybean,19808.07,61.5
Maharashtra,Nashik,Rice,14393.04,82.8
Punjab,Amritsar,Maize,2299.43,42.0
Uttar Pradesh,Kanpur,Wheat,30915.36,53.4
Madhya Pradesh,Gwalior,Cotton,22741.53,49.1
Karnataka,Shimoga,Potato,11492.47,77.4
Gujarat,Ahmedabad,Tomato,33824.23,67.7
Haryana,Hisar,Apple,40510.87,83.7
Rajasthan,Udaipur,Grapes,19916.49,93.4
Goa,Verna,Onion,19499.22,40.8
Tamil Nadu,Tirupur,Soybean,7088.55,70.4
Maharashtra,Nashik,Rice,32618.64,42.7
Punjab,Amritsar,Maize,9381.6,78.2
Uttar Pradesh,Kanpur,Wheat,16991.74,84.8
Madhya Pradesh,Gwalior,Cotton,41691.09,45.7
Karnataka,Shimoga,Potato,23511.58,89.4
Gujarat,Ahmedabad,Tomato,27975.96,35.7
Haryana,Hisar,Apple,29536.09,56.2
Rajasthan,Udaipur,Grapes,10006.34,57.2
Goa,Verna,Onion,7544.34,82.3
Tamil Nadu,Tirupur,Soybean,11354.93,83.3
Maharashtra,Nashik,Rice,26560.25,32.2
Punjab,Amritsar,Maize,23080.63,54.4
Uttar Pradesh,Kanpur,Wheat,32348.68,67.7
Madhya Pradesh,Gwalior,Cotton,47873.27,93.4
Karnataka,Shimoga,Potato,27119.78,78.7
Gujarat,Ahmedabad,Tomato,32502.98,80.8
Haryana,Hisar,Apple,33830.44,90.5
Rajasthan,Udaipur,Grapes,16249.32,65.5
Goa,Verna,Onion,44850.22,84.2
Tamil Nadu,Tirupur,Soybean,48503.09,38.2
Maharashtra,Nashik,Rice,39429.96,30.4
Punjab,Amritsar,Maize,6378.21,81.4
Uttar Pradesh,Kanpur,Wheat,38321.15,53.8
Madhya Pradesh,Gwalior,Cotton,34340.42,88.9
Karnataka,Shimoga,Potato,48752.56,43.4
Gujarat,Ahmedabad,Tomato,41375.48,85.2
Haryana,Hisar,Apple,4956.11,67.6
Rajasthan,Udaipur,Grapes,18172.58,67.7
Goa,Verna,Onion,5018.11,88.5
Tamil Nadu,Tirupur,Soybean,12249.92,62.4
Maharashtra,Nashik,Rice,44118.51,78.9
Punjab,Amritsar,Maize,47495.0,45.5
Uttar Pradesh,Kanpur,Wheat,30525.3,65.3
Madhya Pradesh,Gwalior,Cotton,47162.07,32.6
Karnataka,Shimoga,Potato,27961.84,44.8
Gujarat,Ahmedabad,Tomato,18368.79,89.8
Haryana,Hisar,Apple,28672.08,72.3
Rajasthan,Udaipur,Grapes,37673.63,39.3
Goa,Verna,Onion,19087.14,39.9
Tamil Nadu,Tirupur,Soybean,48887.68,86.7
Maharashtra,Nashik,Rice,46675.25,50.4
Punjab,Amritsar,Maize,24679.05,85.1
Uttar Pradesh,Kanpur,Wheat,33053.44,71.8
Madhya Pradesh,Gwalior,Cotton,19492.24,80.2
Karnataka,Shimoga,Potato,10881.01,30.7
Gujarat,Ahmedabad,Tomato,3529.6,59.9
Haryana,Hisar,Apple,30125.67,71.8
Rajasthan,Udaipur,Grapes,40709.94,86.4
Goa,Verna,Onion,37065.64,35.7
Tamil Nadu,Tirupur,Soybean,36925.99,66.2
Maharashtra,Nashik,Rice,24201.09,53.1
Punjab,Amritsar,Maize,36917.09,42.6
Uttar Pradesh,Kanpur,Wheat,1643.16,50.3
Madhya Pradesh,Gwalior,Cotton,31626.25,57.8
Karnataka,Shimoga,Potato,42817.93,59.6
Gujarat,Ahmedabad,Tomato,14516.39,40.9
Haryana,Hisar,Apple,15738.58,94.7
Rajasthan,Udaipur,Grapes,42114.03,78.8
Goa,Verna,Onion,40529.26,81.6
Tamil Nadu,Tirupur,Soybean,29942.68,93.7
Maharashtra,Nashik,Rice,41730.51,42.9
Punjab,Amritsar,Maize,25718.47,48.8
Uttar Pradesh,Kanpur,Wheat,48394.73,73.4
Madhya Pradesh,Gwalior,Cotton,30338.91,83.1
Karnataka,Shimoga,Potato,42107.06,42.0
Gujarat,Ahmedabad,Tomato,28007.06,44.4
Haryana,Hisar,Apple,45840.6,87.8
Rajasthan,Udaipur,Grapes,38855.64,71.6
Goa,Verna,Onion,16075.47,50.1
Tamil Nadu,Tirupur,Soybean,30563.71,62.7
Maharashtra,Nashik,Rice,35730.37,32.9
Punjab,Amritsar,Maize,21875.57,43.2
Uttar Pradesh,Kanpur,Wheat,4893.34,65.5
Madhya Pradesh,Gwalior,Cotton,48647.18,46.7
Karnataka,Shimoga,Potato,5763.4,31.4
Gujarat,Ahmedabad,Tomato,1599.05,46.5
Haryana,Hisar,Apple,24680.39,36.8
Rajasthan,Udaipur,Grapes,48369.47,83.0
Goa,Verna,Onion,16850.79,66.1
Tamil Nadu,Tirupur,Soybean,2676.36,70.1
Maharashtra,Nashik,Rice,10439.46,56.2
Punjab,Amritsar,Maize,12243.97,71.1
Uttar Pradesh,Kanpur,Wheat,8537.66,66.7
Madhya Pradesh,Gwalior,Cotton,23433.09,50.5
Karnataka,Shimoga,Potato,2819.43,92.4
Gujarat,Ahmedabad,Tomato,43504.0,80.4
Haryana,Hisar,Apple,4628.76,41.9
Rajasthan,Udaipur,Grapes,42727.51,49.2
Goa,Verna,Onion,24566.03,67.0
Tamil Nadu,Tirupur,Soybean,21305.89,40.9
Maharashtra,Nashik,Rice,45616.43,70.6
Punjab,Amritsar,Maize,38675.04,47.7
Uttar Pradesh,Kanpur,Wheat,19629.05,58.1
Madhya Pradesh,Gwalior,Cotton,49384.16,80.5
Karnataka,Shimoga,Potato,24852.24,85.4
Gujarat,Ahmedabad,Tomato,39069.96,32.9
Haryana,Hisar,Apple,39099.27,34.5
Rajasthan,Udaipur,Grapes,49422.24,47.9
Goa,Verna,Onion,32895.31,33.1
Tamil Nadu,Tirupur,Soybean,37909.98,79.9
Maharashtra,Nashik,Rice,15873.04,65.1
Punjab,Amritsar,Maize,13650.42,93.5
Uttar Pradesh,Kanpur,Wheat,17693.06,77.6
Madhya Pradesh,Gwalior,Cotton,39559.13,92.9
Karnataka,Shimoga,Potato,11893.56,71.0
Gujarat,Ahmedabad,Tomato,22710.34,77.5
Haryana,Hisar,Apple,3604.26,38.9
Rajasthan,Udaipur,Grapes,37008.36,86.1
Goa,Verna,Onion,8357.34,92.6
Tamil Nadu,Tirupur,Soybean,31880.34,69.3
Maharashtra,Nashik,Rice,36646.04,40.2
Punjab,Amritsar,Maize,33131.0,72.8
Uttar Pradesh,Kanpur,Wheat,46422.62,59.6
Madhya Pradesh,Gwalior,Cotton,23972.86,42.7
Karnataka,Shimoga,Potato,35684.76,41.7
Gujarat,Ahmedabad,Tomato,5897.79,67.0
Haryana,Hisar,Apple,7687.65,76.7
Rajasthan,Udaipur,Grapes,40137.0,77.4
Goa,Verna,Onion,39606.3,61.2
Tamil Nadu,Tirupur,Soybean,47892.15,66.9
Maharashtra,Nashik,Rice,42839.5,43.9
Punjab,Amritsar,Maize,10137.49,65.8
Uttar Pradesh,Kanpur,Wheat,44885.01,41.3
Madhya Pradesh,Gwalior,Cotton,22912.46,30.0
Karnataka,Shimoga,Potato,15587.58,79.2
Gujarat,Ahmedabad,Tomato,17299.52,70.1
Haryana,Hisar,Apple,24998.86,67.0
Rajasthan,Udaipur,Grapes,29973.75,44.6
Goa,Verna,Onion,21226.33,74.0
Tamil Nadu,Tirupur,Soybean,16496.84,68.7
Maharashtra,Nashik,Rice,16717.49,37.2
Punjab,Amritsar,Maize,29572.03,38.6
Uttar Pradesh,Kanpur,Wheat,14650.21,41.8
Madhya Pradesh,Gwalior,Cotton,47728.74,57.0
Karnataka,Shimoga,Potato,39541.25,59.4
Gujarat,Ahmedabad,Tomato,19713.42,43.2
Haryana,Hisar,Apple,3772.23,67.7
Rajasthan,Udaipur,Grapes,4104.31,30.4
Goa,Verna,Onion,44509.79,89.2
Tamil Nadu,Tirupur,Soybean,19513.41,66.9
Maharashtra,Nashik,Rice,1667.42,47.6
Punjab,Amritsar,Maize,13955.03,91.8
Uttar Pradesh,Kanpur,Wheat,36067.49,44.1
Madhya Pradesh,Gwalior,Cotton,44071.31,63.4
Karnataka,Shimoga,Potato,21059.94,87.9
Gujarat,Ahmedabad,Tomato,15229.36,71.5
Haryana,Hisar,Apple,12404.19,45.3
Rajasthan,Udaipur,Grapes,13038.87,54.8
Goa,Verna,Onion,24079.13,55.8
Tamil Nadu,Tirupur,Soybean,38352.6,70.4
Maharashtra,Nashik,Rice,21596.43,47.7
Punjab,Amritsar,Maize,45389.28,74.5
Uttar Pradesh,Kanpur,Wheat,45162.21,61.9
Madhya Pradesh,Gwalior,Cotton,19957.15,39.4
Karnataka,Shimoga,Potato,34960.79,83.5
Gujarat,Ahmedabad,Tomato,43674.2,64.0
Haryana,Hisar,Apple,30385.91,49.4
Rajasthan,Udaipur,Grapes,5862.48,50.9
Goa,Verna,Onion,32148.64,61.8
Tamil Nadu,Tirupur,Soybean,3909.83,32.6
Maharashtra,Nashik,Rice,29438.66,32.6
Punjab,Amritsar,Maize,9425.81,42.8
Uttar Pradesh,Kanpur,Wheat,5653.31,45.2
Madhya Pradesh,Gwalior,Cotton,13832.74,87.9
Karnataka,Shimoga,Potato,25272.26,83.4
Gujarat,Ahmedabad,Tomato,20219.86,42.9
Haryana,Hisar,Apple,45787.25,44.1
Rajasthan,Udaipur,Grapes,12067.8,94.1
Goa,Verna,Onion,48407.81,35.6
Tamil Nadu,Tirupur,Soybean,48824.28,68.3
Maharashtra,Nashik,Rice,2608.35,56.6
Punjab,Amritsar,Maize,12960.94,56.8
Uttar Pradesh,Kanpur,Wheat,6387.65,93.1
Madhya Pradesh,Gwalior,Cotton,9813.53,60.5
Karnataka,Shimoga,Potato,25152.44,86.3
Gujarat,Ahmedabad,Tomato,5161.04,56.0
Haryana,Hisar,Apple,1414.57,70.9
Rajasthan,Udaipur,Grapes,21325.91,68.9
Goa,Verna,Onion,30585.14,50.9
Tamil Nadu,Tirupur,Soybean,27296.94,53.2
Maharashtra,Nashik,Rice,38209.99,93.0
Punjab,Amritsar,Maize,31595.17,45.5
Uttar Pradesh,Kanpur,Wheat,26754.99,77.4
Madhya Pradesh,Gwalior,Cotton,33380.69,69.7
Karnataka,Shimoga,Potato,32392.46,49.7
Gujarat,Ahmedabad,Tomato,34195.97,43.2
Haryana,Hisar,Apple,19166.94,89.4
Rajasthan,Udaipur,Grapes,19550.09,52.6
Goa,Verna,Onion,27968.61,64.6
Tamil Nadu,Tirupur,Soybean,41998.15,66.1
Maharashtra,Nashik,Rice,17339.62,91.1
Punjab,Amritsar,Maize,10100.85,32.6
Uttar Pradesh,Kanpur,Wheat,16428.4,39.8
Madhya Pradesh,Gwalior,Cotton,3484.5,38.3
Karnataka,Shimoga,Potato,10258.19,57.0
Gujarat,Ahmedabad,Tomato,32331.25,70.0
Haryana,Hisar,Apple,28481.93,44.0
Rajasthan,Udaipur,Grapes,27356.19,50.3
Goa,Verna,Onion,9233.51,63.6
Tamil Nadu,Tirupur,Soybean,28497.9,81.8
Maharashtra,Nashik,Rice,20817.04,90.3
Punjab,Amritsar,Maize,23493.82,68.1
Uttar Pradesh,Kanpur,Wheat,26518.55,42.6
Madhya Pradesh,Gwalior,Cotton,9168.71,79.7
Karnataka,Shimoga,Potato,27481.38,74.0
Gujarat,Ahmedabad,Tomato,29361.18,50.5
Haryana,Hisar,Apple,25141.93,45.8
Rajasthan,Udaipur,Grapes,19011.04,85.1
Goa,Verna,Onion,25197.35,46.5
Tamil Nadu,Tirupur,Soybean,28958.28,68.2
Maharashtra,Nashik,Rice,5078.27,70.8
Punjab,Amritsar,Maize,6762.46,47.4
Uttar Pradesh,Kanpur,Wheat,23058.77,73.0
Madhya Pradesh,Gwalior,Cotton,39021.42,84.4
Karnataka,Shimoga,Potato,5312.47,89.2
Gujarat,Ahmedabad,Tomato,35997.49,44.3
Haryana,Hisar,Apple,20166.97,63.6
Rajasthan,Udaipur,Grapes,40833.56,90.0
Goa,Verna,Onion,18090.11,77.2
Tamil Nadu,Tirupur,Soybean,10293.12,67.7
Maharashtra,Nashik,Rice,49384.6,75.5
Punjab,Amritsar,Maize,12512.24,37.5
Uttar Pradesh,Kanpur,Wheat,29346.08,70.9
Madhya Pradesh,Gwalior,Cotton,8406.66,80.8
Karnataka,Shimoga,Potato,21459.82,59.5
Gujarat,Ahmedabad,Tomato,4319.07,34.3
Haryana,Hisar,Apple,1085.84,47.8
Rajasthan,Udaipur,Grapes,13028.44,37.1
Goa,Verna,Onion,43160.2,41.3
Tamil Nadu,Tirupur,Soybean,22911.92,75.3
Maharashtra,Nashik,Rice,31546.3,38.2
Punjab,Amritsar,Maize,41007.91,64.8
Uttar Pradesh,Kanpur,Wheat,45622.85,45.5
Madhya Pradesh,Gwalior,Cotton,40914.23,38.6
Karnataka,Shimoga,Potato,14603.74,53.2
Gujarat,Ahmedabad,Tomato,46402.39,37.5
Haryana,Hisar,Apple,35991.11,91.3
Rajasthan,Udaipur,Grapes,11759.43,85.9
Goa,Verna,Onion,9766.26,92.1
Tamil Nadu,Tirupur,Soybean,33102.51,49.5
Maharashtra,Nashik,Rice,12210.92,40.7
Punjab,Amritsar,Maize,10888.48,44.8
Uttar Pradesh,Kanpur,Wheat,24714.03,85.9
Madhya Pradesh,Gwalior,Cotton,23611.67,73.8
Karnataka,Shimoga,Potato,7868.19,71.2
Gujarat,Ahmedabad,Tomato,44611.98,47.4
Haryana,Hisar,Apple,35611.1,32.7
Rajasthan,Udaipur,Grapes,46105.99,91.0
Goa,Verna,Onion,43808.21,40.0
Tamil Nadu,Tirupur,Soybean,29201.98,85.6
Maharashtra,Nashik,Rice,1215.03,37.6
Punjab,Amritsar,Maize,4869.67,90.5
Uttar Pradesh,Kanpur,Wheat,26130.08,48.9
Madhya Pradesh,Gwalior,Cotton,5228.11,57.3
Karnataka,Shimoga,Potato,40002.24,67.8
Gujarat,Ahmedabad,Tomato,7593.26,53.8
Haryana,Hisar,Apple,18377.02,59.9
Rajasthan,Udaipur,Grapes,34781.45,64.1
Goa,Verna,Onion,40525.53,60.5
Tamil Nadu,Tirupur,Soybean,43709.72,70.6
Maharashtra,Nashik,Rice,27696.57,30.0
Punjab,Amritsar,Maize,7317.31,60.3
Uttar Pradesh,Kanpur,Wheat,14691.11,87.2
Madhya Pradesh,Gwalior,Cotton,1830.63,84.7
Karnataka,Shimoga,Potato,43225.73,30.6
Gujarat,Ahmedabad,Tomato,48292.26,78.8
Haryana,Hisar,Apple,46237.01,62.4
Rajasthan,Udaipur,Grapes,36199.67,42.4
Goa,Verna,Onion,23290.06,65.0
Tamil Nadu,Tirupur,Soybean,4416.78,56.5
Maharashtra,Nashik,Rice,15299.39,43.2
Punjab,Amritsar,Maize,40380.9,49.2
Uttar Pradesh,Kanpur,Wheat,4052.9,80.7
Madhya Pradesh,Gwalior,Cotton,18575.23,73.9
Karnataka,Shimoga,Potato,42105.2,34.2
Gujarat,Ahmedabad,Tomato,37842.39,64.0
Haryana,Hisar,Apple,35850.01,88.2
Rajasthan,Udaipur,Grapes,33987.77,55.7
Goa,Verna,Onion,45604.76,79.8
Tamil Nadu,Tirupur,Soybean,35784.39,46.0
Maharashtra,Nashik,Rice,1365.99,35.9
Punjab,Amritsar,Maize,32807.4,53.7
Uttar Pradesh,Kanpur,Wheat,8819.82,30.6
Madhya Pradesh,Gwalior,Cotton,14929.54,30.1
Karnataka,Shimoga,Potato,32395.05,93.4
Gujarat,Ahmedabad,Tomato,37508.35,45.9
Haryana,Hisar,Apple,45671.92,82.1
Rajasthan,Udaipur,Grapes,33944.26,89.0
Goa,Verna,Onion,15545.33,32.5
Tamil Nadu,Tirupur,Soybean,9439.61,78.4
Maharashtra,Nashik,Rice,24820.93,40.4
Punjab,Amritsar,Maize,1324.46,87.4
Uttar Pradesh,Kanpur,Wheat,5827.29,55.1
Madhya Pradesh,Gwalior,Cotton,44042.8,72.4
Karnataka,Shimoga,Potato,2521.27,90.6
Gujarat,Ahmedabad,Tomato,43260.87,49.1
Haryana,Hisar,Apple,10591.27,63.7
Rajasthan,Udaipur,Grapes,5502.69,41.5
Goa,Verna,Onion,19330.72,85.6
Tamil Nadu,Tirupur,Soybean,7342.59,64.2
Maharashtra,Nashik,Rice,31073.54,56.8
Punjab,Amritsar,Maize,42647.29,50.4
Uttar Pradesh,Kanpur,Wheat,48400.84,62.2
Madhya Pradesh,Gwalior,Cotton,9119.89,37.1
Karnataka,Shimoga,Potato,22550.53,63.0
Gujarat,Ahmedabad,Tomato,3542.46,51.4
Haryana,Hisar,Apple,32672.94,55.3
Rajasthan,Udaipur,Grapes,1120.76,89.2
Goa,Verna,Onion,16770.43,69.6
Tamil Nadu,Tirupur,Soybean,34654.78,70.9
Maharashtra,Nashik,Rice,40279.25,78.6
Punjab,Amritsar,Maize,12995.98,86.4
Uttar Pradesh,Kanpur,Wheat,31820.16,30.6
Madhya Pradesh,Gwalior,Cotton,1469.62,66.0
Karnataka,Shimoga,Potato,14306.73,83.8
Gujarat,Ahmedabad,Tomato,25128.57,37.4
Haryana,Hisar,Apple,11424.68,41.7
Rajasthan,Udaipur,Grapes,44201.91,90.4
Goa,Verna,Onion,3814.46,72.4
Tamil Nadu,Tirupur,Soybean,27846.2,63.4
Maharashtra,Nashik,Rice,9474.86,89.5
Punjab,Amritsar,Maize,46701.36,91.5
Uttar Pradesh,Kanpur,Wheat,27438.19,47.4
Madhya Pradesh,Gwalior,Cotton,23850.0,67.2
Karnataka,Shimoga,Potato,6177.64,56.2
Gujarat,Ahmedabad,Tomato,30038.54,59.6
Haryana,Hisar,Apple,5106.16,35.3
Rajasthan,Udaipur,Grapes,13292.42,92.4
Goa,Verna,Onion,25767.55,69.4
Tamil Nadu,Tirupur,Soybean,31784.87,58.3
Maharashtra,Nashik,Rice,5808.57,70.5
Punjab,Amritsar,Maize,27348.24,53.0
Uttar Pradesh,Kanpur,Wheat,49517.94,59.6
Madhya Pradesh,Gwalior,Cotton,31246.18,31.2
Karnataka,Shimoga,Potato,21356.45,91.3
Gujarat,Ahmedabad,Tomato,40127.26,70.1
Haryana,Hisar,Apple,35131.35,79.3
Rajasthan,Udaipur,Grapes,32264.76,42.7
Goa,Verna,Onion,27880.99,53.0
Tamil Nadu,Tirupur,Soybean,46319.48,61.5
Maharashtra,Nashik,Rice,43709.52,56.3
Punjab,Amritsar,Maize,35760.34,31.7
Uttar Pradesh,Kanpur,Wheat,25540.61,77.9
Madhya Pradesh,Gwalior,Cotton,24701.82,38.1
Karnataka,Shimoga,Potato,37167.61,63.4
Gujarat,Ahmedabad,Tomato,35093.0,82.4
Haryana,Hisar,Apple,15287.7,76.8
Rajasthan,Udaipur,Grapes,26838.85,67.1
Goa,Verna,Onion,47754.34,31.0
Tamil Nadu,Tirupur,Soybean,1632.58,81.9
Maharashtra,Nashik,Rice,42053.05,79.2
Punjab,Amritsar,Maize,9826.23,36.1
Uttar Pradesh,Kanpur,Wheat,13204.16,55.3
Madhya Pradesh,Gwalior,Cotton,3124.03,68.7
Karnataka,Shimoga,Potato,22053.2,44.5
Gujarat,Ahmedabad,Tomato,11158.36,37.7
Haryana,Hisar,Apple,5721.05,78.5
Rajasthan,Udaipur,Grapes,30865.96,81.4
Goa,Verna,Onion,21688.68,69.4
Tamil Nadu,Tirupur,Soybean,36132.29,82.8
Maharashtra,Nashik,Rice,38647.7,63.6
Punjab,Amritsar,Maize,13315.23,67.5
Uttar Pradesh,Kanpur,Wheat,11953.22,76.7
Madhya Pradesh,Gwalior,Cotton,36242.89,62.3
Karnataka,Shimoga,Potato,3172.73,63.2
Gujarat,Ahmedabad,Tomato,40776.55,70.7
Haryana,Hisar,Apple,8399.88,69.2
Rajasthan,Udaipur,Grapes,26435.58,76.2
Goa,Verna,Onion,39773.24,72.6
Tamil Nadu,Tirupur,Soybean,15656.97,38.5
Maharashtra,Nashik,Rice,48859.55,61.3
Punjab,Amritsar,Maize,37815.3,41.1
Uttar Pradesh,Kanpur,Wheat,23343.31,86.1
Madhya Pradesh,Gwalior,Cotton,16235.16,30.4
Karnataka,Shimoga,Potato,2661.0,67.4
Gujarat,Ahmedabad,Tomato,44032.35,52.3
Haryana,Hisar,Apple,17369.97,81.5
Rajasthan,Udaipur,Grapes,27450.14,33.5
Goa,Verna,Onion,31093.85,72.8
Tamil Nadu,Tirupur,Soybean,33869.09,37.6
Maharashtra,Nashik,Rice,6260.48,65.2
Punjab,Amritsar,Maize,5062.13,33.5
Uttar Pradesh,Kanpur,Wheat,35446.14,65.0
Madhya Pradesh,Gwalior,Cotton,2069.93,62.6
Karnataka,Shimoga,Potato,49043.13,43.5
Gujarat,Ahmedabad,Tomato,6267.75,62.2
Haryana,Hisar,Apple,2584.02,60.7
Rajasthan,Udaipur,Grapes,11667.23,60.5
Goa,Verna,Onion,15235.93,52.9
Tamil Nadu,Tirupur,Soybean,45538.92,32.4
Maharashtra,Nashik,Rice,38279.6,46.3
Punjab,Amritsar,Maize,46917.37,77.3
Uttar Pradesh,Kanpur,Wheat,23321.37,82.8
Madhya Pradesh,Gwalior,Cotton,31065.07,83.0
Karnataka,Shimoga,Potato,8936.95,30.7
Gujarat,Ahmedabad,Tomato,48045.03,45.4
Haryana,Hisar,Apple,37284.52,30.2
Rajasthan,Udaipur,Grapes,21963.8,86.5
Goa,Verna,Onion,5770.9,94.1
Tamil Nadu,Tirupur,Soybean,34994.95,59.4
Maharashtra,Nashik,Rice,28130.98,30.4
Punjab,Amritsar,Maize,33817.73,47.3
Uttar Pradesh,Kanpur,Wheat,47025.24,93.0
Madhya Pradesh,Gwalior,Cotton,4226.36,74.7
Karnataka,Shimoga,Potato,40200.93,64.6
Gujarat,Ahmedabad,Tomato,44904.97,88.6
Haryana,Hisar,Apple,37449.55,72.5
Rajasthan,Udaipur,Grapes,47302.66,33.1
Goa,Verna,Onion,18592.79,38.5
Tamil Nadu,Tirupur,Soybean,36652.2,79.1
Maharashtra,Nashik,Rice,13131.14,93.5
Punjab,Amritsar,Maize,19545.55,87.6
Uttar Pradesh,Kanpur,Wheat,35140.87,54.6
Madhya Pradesh,Gwalior,Cotton,15141.89,40.9
Karnataka,Shimoga,Potato,49585.86,67.8
Gujarat,Ahmedabad,Tomato,30256.92,50.0
Haryana,Hisar,Apple,6207.11,39.5
Rajasthan,Udaipur,Grapes,26344.82,44.0
Goa,Verna,Onion,12944.23,87.8
Tamil Nadu,Tirupur,Soybean,30052.6,32.2
Maharashtra,Nashik,Rice,41391.54,36.1
Punjab,Amritsar,Maize,45527.76,52.9
Uttar Pradesh,Kanpur,Wheat,35212.68,37.0
Madhya Pradesh,Gwalior,Cotton,34743.78,51.4
Karnataka,Shimoga,Potato,45673.41,63.3
Gujarat,Ahmedabad,Tomato,13385.32,87.4
Haryana,Hisar,Apple,31100.13,87.5
Rajasthan,Udaipur,Grapes,44431.9,49.7
Goa,Verna,Onion,21702.02,59.9
Tamil Nadu,Tirupur,Soybean,20398.01,44.6
Maharashtra,Nashik,Rice,6518.07,64.4
Punjab,Amritsar,Maize,47641.78,77.2
Uttar Pradesh,Kanpur,Wheat,28778.7,52.1
Madhya Pradesh,Gwalior,Cotton,6882.83,40.7
Karnataka,Shimoga,Potato,6572.25,61.9
Gujarat,Ahmedabad,Tomato,40406.8,41.6
Haryana,Hisar,Apple,29651.04,46.3
Rajasthan,Udaipur,Grapes,38293.13,69.5
Goa,Verna,Onion,13651.12,86.2
Tamil Nadu,Tirupur,Soybean,34741.09,69.9
Maharashtra,Nashik,Rice,21781.31,85.6
Punjab,Amritsar,Maize,40554.12,35.3
Uttar Pradesh,Kanpur,Wheat,20980.91,75.1
Madhya Pradesh,Gwalior,Cotton,8280.05,91.6
Karnataka,Shimoga,Potato,17409.83,84.6
Gujarat,Ahmedabad,Tomato,46933.77,30.4
Haryana,Hisar,Apple,35919.97,68.9
Rajasthan,Udaipur,Grapes,32760.21,64.4
Goa,Verna,Onion,47781.72,75.9
Tamil Nadu,Tirupur,Soybean,17347.82,52.3
Maharashtra,Nashik,Rice,14400.54,42.4
Punjab,Amritsar,Maize,29890.9,44.4
Uttar Pradesh,Kanpur,Wheat,20158.74,58.4
Madhya Pradesh,Gwalior,Cotton,49687.89,52.9
Karnataka,Shimoga,Potato,1958.61,57.2
Gujarat,Ahmedabad,Tomato,41154.69,73.6
Haryana,Hisar,Apple,3426.04,81.1
Rajasthan,Udaipur,Grapes,28744.69,64.1
Goa,Verna,Onion,8990.01,39.9
Tamil Nadu,Tirupur,Soybean,20239.89,39.5
Maharashtra,Nashik,Rice,23386.44,48.5
Punjab,Amritsar,Maize,42245.98,91.9
Uttar Pradesh,Kanpur,Wheat,45745.62,66.2
Madhya Pradesh,Gwalior,Cotton,30507.45,93.9
Karnataka,Shimoga,Potato,33013.28,66.6
Gujarat,Ahmedabad,Tomato,5788.48,73.6
Haryana,Hisar,Apple,11275.84,62.4
Rajasthan,Udaipur,Grapes,35805.96,35.6
Goa,Verna,Onion,26430.72,48.6
Tamil Nadu,Tirupur,Soybean,36861.35,87.8
Maharashtra,Nashik,Rice,46446.43,74.4
Punjab,Amritsar,Maize,23135.32,59.3
Uttar Pradesh,Kanpur,Wheat,36698.28,87.3
Madhya Pradesh,Gwalior,Cotton,11616.85,88.3
Karnataka,Shimoga,Potato,31831.47,66.4
Gujarat,Ahmedabad,Tomato,14175.91,48.2
Haryana,Hisar,Apple,42503.28,85.7
Rajasthan,Udaipur,Grapes,21858.72,40.2
Goa,Verna,Onion,32881.21,85.5
Tamil Nadu,Tirupur,Soybean,31229.65,61.5
Maharashtra,Nashik,Rice,12565.61,45.1
Punjab,Amritsar,Maize,4650.51,36.8
Uttar Pradesh,Kanpur,Wheat,5852.4,84.1
Madhya Pradesh,Gwalior,Cotton,43204.19,80.0
Karnataka,Shimoga,Potato,20691.55,50.2
Gujarat,Ahmedabad,Tomato,13101.66,30.9
Haryana,Hisar,Apple,33097.83,62.8
Rajasthan,Udaipur,Grapes,30030.28,41.3
Goa,Verna,Onion,19437.87,91.4
Tamil Nadu,Tirupur,Soybean,41195.75,75.9
Maharashtra,Nashik,Rice,11897.15,39.6
Punjab,Amritsar,Maize,11042.84,55.1
Uttar Pradesh,Kanpur,Wheat,6614.5,92.8
Madhya Pradesh,Gwalior,Cotton,33709.18,61.5
Karnataka,Shimoga,Potato,2899.66,58.8
Gujarat,Ahmedabad,Tomato,18599.89,76.8
Haryana,Hisar,Apple,49272.16,44.0
Rajasthan,Udaipur,Grapes,40383.22,72.8
Goa,Verna,Onion,49179.79,83.6
Tamil Nadu,Tirupur,Soybean,3385.91,68.5
Maharashtra,Nashik,Rice,2100.68,85.0
Punjab,Amritsar,Maize,23936.12,30.7
Uttar Pradesh,Kanpur,Wheat,11210.5,47.4
Madhya Pradesh,Gwalior,Cotton,20914.15,35.0
Karnataka,Shimoga,Potato,4611.6,51.6
Gujarat,Ahmedabad,Tomato,5112.94,30.9
Haryana,Hisar,Apple,47844.46,84.0
Rajasthan,Udaipur,Grapes,13506.65,90.6
Goa,Verna,Onion,33365.74,47.8
Tamil Nadu,Tirupur,Soybean,46401.84,40.0
Maharashtra,Nashik,Rice,4753.57,49.7
Punjab,Amritsar,Maize,33071.44,86.9
Uttar Pradesh,Kanpur,Wheat,2069.34,68.9
Madhya Pradesh,Gwalior,Cotton,13323.79,41.7
Karnataka,Shimoga,Potato,21476.25,51.2
Gujarat,Ahmedabad,Tomato,27004.69,49.6
Haryana,Hisar,Apple,30020.31,53.5
Rajasthan,Udaipur,Grapes,15700.01,66.6
Goa,Verna,Onion,43784.75,74.6
Tamil Nadu,Tirupur,Soybean,26168.95,90.6
Maharashtra,Nashik,Rice,29815.36,41.6
Punjab,Amritsar,Maize,1286.8,51.6
Uttar Pradesh,Kanpur,Wheat,47290.71,92.9
Madhya Pradesh,Gwalior,Cotton,37455.34,83.5
Karnataka,Shimoga,Potato,32287.13,55.4
Gujarat,Ahmedabad,Tomato,21122.74,81.8
Haryana,Hisar,Apple,16590.22,91.1
Rajasthan,Udaipur,Grapes,41760.04,52.0
Goa,Verna,Onion,40778.33,71.8
Tamil Nadu,Tirupur,Soybean,29809.35,38.3
Maharashtra,Nashik,Rice,31741.2,63.1
Punjab,Amritsar,Maize,11015.13,49.9
Uttar Pradesh,Kanpur,Wheat,34820.52,33.2
Madhya Pradesh,Gwalior,Cotton,11584.41,44.8
Karnataka,Shimoga,Potato,13307.76,41.3
Gujarat,Ahmedabad,Tomato,19876.42,42.0
Haryana,Hisar,Apple,14967.97,30.9
Rajasthan,Udaipur,Grapes,16128.08,47.0
Goa,Verna,Onion,18649.03,64.4
Tamil Nadu,Tirupur,Soybean,34236.6,37.4
Maharashtra,Nashik,Rice,37389.26,47.0
Punjab,Amritsar,Maize,12546.99,36.1
Uttar Pradesh,Kanpur,Wheat,29050.01,38.2
Madhya Pradesh,Gwalior,Cotton,1640.9,84.6
Karnataka,Shimoga,Potato,7906.51,67.5
Gujarat,Ahmedabad,Tomato,2315.29,91.7
Haryana,Hisar,Apple,7392.25,31.7
Rajasthan,Udaipur,Grapes,32249.79,36.5
Goa,Verna,Onion,12773.24,59.2
Tamil Nadu,Tirupur,Soybean,24670.1,33.7
Maharashtra,Nashik,Rice,15771.36,94.1
Punjab,Amritsar,Maize,22117.86,47.4
Uttar Pradesh,Kanpur,Wheat,48942.13,83.5
Madhya Pradesh,Gwalior,Cotton,22346.44,94.4
Karnataka,Shimoga,Potato,17570.96,49.1
Gujarat,Ahmedabad,Tomato,37704.83,33.8
Haryana,Hisar,Apple,8677.26,54.6
Rajasthan,Udaipur,Grapes,23930.03,87.2
Goa,Verna,Onion,41775.57,51.6
Tamil Nadu,Tirupur,Soybean,32977.61,93.1
Maharashtra,Nashik,Rice,5043.41,49.2
Punjab,Amritsar,Maize,43461.85,59.5
Uttar Pradesh,Kanpur,Wheat,39886.18,42.8
Madhya Pradesh,Gwalior,Cotton,31297.41,73.5
Karnataka,Shimoga,Potato,17610.1,35.3
Gujarat,Ahmedabad,Tomato,9687.29,47.0
Haryana,Hisar,Apple,18585.92,78.0
Rajasthan,Udaipur,Grapes,30901.63,69.6
Goa,Verna,Onion,49770.56,34.4
Tamil Nadu,Tirupur,Soybean,12003.8,45.6
Maharashtra,Nashik,Rice,21753.23,94.1
Punjab,Amritsar,Maize,48292.33,68.4
Uttar Pradesh,Kanpur,Wheat,19426.35,39.4
Madhya Pradesh,Gwalior,Cotton,23462.08,52.6
Karnataka,Shimoga,Potato,19617.24,69.9
Gujarat,Ahmedabad,Tomato,9859.84,45.5
Haryana,Hisar,Apple,32891.97,34.1
Rajasthan,Udaipur,Grapes,23017.53,51.5
Goa,Verna,Onion,27284.53,56.8
Tamil Nadu,Tirupur,Soybean,42419.37,41.7
Maharashtra,Nashik,Rice,1290.73,92.1
Punjab,Amritsar,Maize,45961.77,55.8
Uttar Pradesh,Kanpur,Wheat,33178.23,57.7
Madhya Pradesh,Gwalior,Cotton,15042.36,65.0
Karnataka,Shimoga,Potato,14080.42,93.8
Gujarat,Ahmedabad,Tomato,21632.28,60.9
Haryana,Hisar,Apple,5114.58,85.6
Rajasthan,Udaipur,Grapes,16595.26,79.9
Goa,Verna,Onion,38780.52,86.5
Tamil Nadu,Tirupur,Soybean,48778.6,75.3
Maharashtra,Nashik,Rice,48530.78,61.8
Punjab,Amritsar,Maize,23286.15,74.9
Uttar Pradesh,Kanpur,Wheat,39899.78,35.2
Madhya Pradesh,Gwalior,Cotton,9523.23,30.1
Karnataka,Shimoga,Potato,20371.47,47.1
Gujarat,Ahmedabad,Tomato,4183.35,62.5
Haryana,Hisar,Apple,7069.7,79.4
Rajasthan,Udaipur,Grapes,26266.59,79.8
Goa,Verna,Onion,44498.41,91.0
Tamil Nadu,Tirupur,Soybean,49844.44,93.1
Maharashtra,Nashik,Rice,4785.65,72.8
Punjab,Amritsar,Maize,43318.78,66.0
Uttar Pradesh,Kanpur,Wheat,31733.42,85.4
Madhya Pradesh,Gwalior,Cotton,29875.49,90.9
Karnataka,Shimoga,Potato,30094.73,83.0
Gujarat,Ahmedabad,Tomato,25852.52,47.0
Haryana,Hisar,Apple,31031.68,80.4
Rajasthan,Udaipur,Grapes,30520.02,64.1
Goa,Verna,Onion,47949.6,54.9
Tamil Nadu,Tirupur,Soybean,20184.75,73.2
Maharashtra,Nashik,Rice,27013.56,72.6
Punjab,Amritsar,Maize,19537.0,56.5
Uttar Pradesh,Kanpur,Wheat,22674.97,60.7
Madhya Pradesh,Gwalior,Cotton,2187.1,66.4
Karnataka,Shimoga,Potato,23093.77,73.2
Gujarat,Ahmedabad,Tomato,16155.54,83.8
Haryana,Hisar,Apple,47168.68,68.0
Rajasthan,Udaipur,Grapes,14111.93,74.6
Goa,Verna,Onion,10283.23,50.6
Tamil Nadu,Tirupur,Soybean,31458.61,79.6
Maharashtra,Nashik,Rice,16588.75,61.9
Punjab,Amritsar,Maize,25948.98,57.6
Uttar Pradesh,Kanpur,Wheat,39016.85,42.6
Madhya Pradesh,Gwalior,Cotton,18756.93,55.4
Karnataka,Shimoga,Potato,18756.34,58.4
Gujarat,Ahmedabad,Tomato,24657.17,76.1
Haryana,Hisar,Apple,18653.83,82.7
Rajasthan,Udaipur,Grapes,45902.38,74.4
Goa,Verna,Onion,30073.24,74.5
Tamil Nadu,Tirupur,Soybean,14566.67,41.5
Maharashtra,Nashik,Rice,19621.95,81.1
Punjab,Amritsar,Maize,13804.45,90.4
Uttar Pradesh,Kanpur,Wheat,46753.81,82.8
Madhya Pradesh,Gwalior,Cotton,35309.32,84.6
Karnataka,Shimoga,Potato,32589.61,60.7
Gujarat,Ahmedabad,Tomato,34263.87,75.2
Haryana,Hisar,Apple,47569.87,38.5
Rajasthan,Udaipur,Grapes,20522.01,61.2
Goa,Verna,Onion,14170.11,87.6
Tamil Nadu,Tirupur,Soybean,34150.23,36.4
Maharashtra,Nashik,Rice,38670.23,83.7
Punjab,Amritsar,Maize,38396.68,90.7
Uttar Pradesh,Kanpur,Wheat,21766.25,44.2
Madhya Pradesh,Gwalior,Cotton,32753.91,54.2
Karnataka,Shimoga,Potato,35813.45,57.1
Gujarat,Ahmedabad,Tomato,27962.64,67.6
Haryana,Hisar,Apple,28265.44,84.3
Rajasthan,Udaipur,Grapes,19598.94,56.8
Goa,Verna,Onion,33247.41,83.8
Tamil Nadu,Tirupur,Soybean,18452.48,56.7
Maharashtra,Nashik,Rice,16819.85,36.9
Punjab,Amritsar,Maize,9392.68,54.9
Uttar Pradesh,Kanpur,Wheat,26663.62,34.8
Madhya Pradesh,Gwalior,Cotton,10045.28,59.6
Karnataka,Shimoga,Potato,27909.26,86.9
Gujarat,Ahmedabad,Tomato,38530.73,32.2
Haryana,Hisar,Apple,39643.77,38.2
Rajasthan,Udaipur,Grapes,12006.89,82.2
Goa,Verna,Onion,21745.06,79.5
Tamil Nadu,Tirupur,Soybean,1531.53,56.1
Maharashtra,Nashik,Rice,18620.01,43.5
Punjab,Amritsar,Maize,19627.24,85.6
Uttar Pradesh,Kanpur,Wheat,39875.13,93.3
Madhya Pradesh,Gwalior,Cotton,47954.47,69.2
Karnataka,Shimoga,Potato,41546.4,30.9
Gujarat,Ahmedabad,Tomato,14378.75,61.3
Haryana,Hisar,Apple,1322.88,89.1
Rajasthan,Udaipur,Grapes,32338.83,50.7
Goa,Verna,Onion,26066.76,44.8
Tamil Nadu,Tirupur,Soybean,7797.52,94.4
Maharashtra,Nashik,Rice,13085.22,59.2
Punjab,Amritsar,Maize,8181.06,30.0
Uttar Pradesh,Kanpur,Wheat,14368.31,35.9
Madhya Pradesh,Gwalior,Cotton,40856.3,82.3
Karnataka,Shimoga,Potato,14603.8,61.0
Gujarat,Ahmedabad,Tomato,38556.51,73.7
Haryana,Hisar,Apple,21208.79,47.5
Rajasthan,Udaipur,Grapes,32093.53,43.3
Goa,Verna,Onion,41433.95,90.2
Tamil Nadu,Tirupur,Soybean,26297.19,83.2
Maharashtra,Nashik,Rice,31681.57,44.3
Punjab,Amritsar,Maize,36293.6,94.6
Uttar Pradesh,Kanpur,Wheat,31917.14,35.0
Madhya Pradesh,Gwalior,Cotton,44258.32,60.2
Karnataka,Shimoga,Potato,14127.51,35.1
Gujarat,Ahmedabad,Tomato,7255.78,51.7
Haryana,Hisar,Apple,36434.49,77.2
Rajasthan,Udaipur,Grapes,40002.53,62.3
Goa,Verna,Onion,40600.52,83.1
Tamil Nadu,Tirupur,Soybean,10025.1,58.3
Maharashtra,Nashik,Rice,12345.67,53.1
Punjab,Amritsar,Maize,26407.06,38.0
Uttar Pradesh,Kanpur,Wheat,36782.22,49.4
Madhya Pradesh,Gwalior,Cotton,44638.22,31.6
Karnataka,Shimoga,Potato,47245.22,76.0
Gujarat,Ahmedabad,Tomato,36721.7,91.3
Haryana,Hisar,Apple,24071.09,48.7
Rajasthan,Udaipur,Grapes,36449.14,39.8
Goa,Verna,Onion,27021.68,92.7
Tamil Nadu,Tirupur,Soybean,34746.35,59.2
Maharashtra,Nashik,Rice,14779.02,57.8
Punjab,Amritsar,Maize,18699.12,47.9
Uttar Pradesh,Kanpur,Wheat,4783.07,52.6
Madhya Pradesh,Gwalior,Cotton,11180.08,50.0
Karnataka,Shimoga,Potato,21864.57,35.3
Gujarat,Ahmedabad,Tomato,25850.24,80.1
Haryana,Hisar,Apple,11244.07,40.8
Rajasthan,Udaipur,Grapes,28815.0,44.9
Goa,Verna,Onion,16714.36,63.6
Tamil Nadu,Tirupur,Soybean,14853.57,87.6
Maharashtra,Nashik,Rice,27102.25,37.2
Punjab,Amritsar,Maize,14820.96,91.5
Uttar Pradesh,Kanpur,Wheat,48170.63,43.6
Madhya Pradesh,Gwalior,Cotton,13440.34,75.4
Karnataka,Shimoga,Potato,38710.53,39.5
Gujarat,Ahmedabad,Tomato,2805.62,39.7
Haryana,Hisar,Apple,46067.37,46.0
Rajasthan,Udaipur,Grapes,14144.56,39.4
Goa,Verna,Onion,18546.04,64.8
Tamil Nadu,Tirupur,Soybean,44046.84,67.1
Maharashtra,Nashik,Rice,36959.38,85.7
Punjab,Amritsar,Maize,14970.17,57.3
Uttar Pradesh,Kanpur,Wheat,28610.0,40.2
Madhya Pradesh,Gwalior,Cotton,7547.95,56.5
Karnataka,Shimoga,Potato,15458.19,35.9
Gujarat,Ahmedabad,Tomato,33306.74,74.7
Haryana,Hisar,Apple,33139.36,62.7
Rajasthan,Udaipur,Grapes,21486.49,55.5
Goa,Verna,Onion,46799.55,44.1
Tamil Nadu,Tirupur,Soybean,46054.48,43.8
Maharashtra,Nashik,Rice,19956.53,81.5
Punjab,Amritsar,Maize,43341.26,35.3
Uttar Pradesh,Kanpur,Wheat,25523.61,72.4
Madhya Pradesh,Gwalior,Cotton,21267.47,41.0
Karnataka,Shimoga,Potato,9659.66,71.5
Gujarat,Ahmedabad,Tomato,23813.09,75.2
Haryana,Hisar,Apple,42093.28,92.7
Rajasthan,Udaipur,Grapes,49530.9,58.3
Goa,Verna,Onion,22793.78,75.9
Tamil Nadu,Tirupur,Soybean,14028.8,86.3
Maharashtra,Nashik,Rice,37047.38,95.0
Punjab,Amritsar,Maize,44234.86,64.8
Uttar Pradesh,Kanpur,Wheat,31993.74,36.3
Madhya Pradesh,Gwalior,Cotton,32798.36,92.7
Karnataka,Shimoga,Potato,21866.14,62.9
Gujarat,Ahmedabad,Tomato,40480.11,85.8
Haryana,Hisar,Apple,20081.06,74.0
Rajasthan,Udaipur,Grapes,37607.66,38.4
Goa,Verna,Onion,48326.53,76.2
Tamil Nadu,Tirupur,Soybean,44898.98,86.0
Maharashtra,Nashik,Rice,31946.49,41.0
Punjab,Amritsar,Maize,16193.62,48.8
Uttar Pradesh,Kanpur,Wheat,27201.74,75.0
Madhya Pradesh,Gwalior,Cotton,22085.52,53.0
Karnataka,Shimoga,Potato,23121.33,53.9
Gujarat,Ahmedabad,Tomato,45403.83,84.8
Haryana,Hisar,Apple,25136.65,55.1
Rajasthan,Udaipur,Grapes,11393.02,79.9
Goa,Verna,Onion,21791.71,44.2
Tamil Nadu,Tirupur,Soybean,4185.93,85.1
Maharashtra,Nashik,Rice,13890.27,71.1
Punjab,Amritsar,Maize,6556.4,54.8
Uttar Pradesh,Kanpur,Wheat,19064.85,71.9
Madhya Pradesh,Gwalior,Cotton,46751.08,69.5
Karnataka,Shimoga,Potato,36443.16,31.0
Gujarat,Ahmedabad,Tomato,35844.49,34.6
Haryana,Hisar,Apple,30453.11,93.5
Rajasthan,Udaipur,Grapes,4418.16,48.5
Goa,Verna,Onion,28468.82,37.7
Tamil Nadu,Tirupur,Soybean,5598.56,69.4
Maharashtra,Nashik,Rice,46583.06,61.1
Punjab,Amritsar,Maize,3176.56,67.8
Uttar Pradesh,Kanpur,Wheat,41096.74,43.6
Madhya Pradesh,Gwalior,Cotton,7730.95,62.4
Karnataka,Shimoga,Potato,1696.31,89.5
Gujarat,Ahmedabad,Tomato,11176.81,83.7
Haryana,Hisar,Apple,35769.76,38.7
Rajasthan,Udaipur,Grapes,2240.25,92.4
Goa,Verna,Onion,37353.71,55.5
Tamil Nadu,Tirupur,Soybean,18182.08,75.5
Maharashtra,Nashik,Rice,38981.34,86.3
Punjab,Amritsar,Maize,22998.2,43.9
Uttar Pradesh,Kanpur,Wheat,17065.06,56.8
Madhya Pradesh,Gwalior,Cotton,25018.66,53.1
Karnataka,Shimoga,Potato,11827.16,69.0
Gujarat,Ahmedabad,Tomato,23914.96,56.1
Haryana,Hisar,Apple,26518.74,93.6
Rajasthan,Udaipur,Grapes,48823.02,38.6
Goa,Verna,Onion,16999.91,41.8
Tamil Nadu,Tirupur,Soybean,42744.53,66.1
Maharashtra,Nashik,Rice,34333.93,75.7
Punjab,Amritsar,Maize,18434.82,49.0
Uttar Pradesh,Kanpur,Wheat,30273.79,48.2
Madhya Pradesh,Gwalior,Cotton,39578.62,73.8
Karnataka,Shimoga,Potato,38335.69,76.5
Gujarat,Ahmedabad,Tomato,21449.69,81.6
Haryana,Hisar,Apple,10109.31,54.8
Rajasthan,Udaipur,Grapes,21593.94,87.7
Goa,Verna,Onion,10512.64,92.3
Tamil Nadu,Tirupur,Soybean,39815.13,56.0
Maharashtra,Nashik,Rice,17549.54,58.5
Punjab,Amritsar,Maize,46920.17,54.3
Uttar Pradesh,Kanpur,Wheat,3623.83,64.3
Madhya Pradesh,Gwalior,Cotton,8427.55,34.6
Karnataka,Shimoga,Potato,15346.71,33.6
Gujarat,Ahmedabad,Tomato,45332.12,85.6
Haryana,Hisar,Apple,32208.76,81.6
Rajasthan,Udaipur,Grapes,30850.12,71.1
Goa,Verna,Onion,43443.06,81.7
Tamil Nadu,Tirupur,Soybean,5677.65,42.5
Maharashtra,Nashik,Rice,20650.48,51.6
Punjab,Amritsar,Maize,44233.25,93.9
Uttar Pradesh,Kanpur,Wheat,37652.78,62.2
Madhya Pradesh,Gwalior,Cotton,45894.7,77.1
Karnataka,Shimoga,Potato,41444.3,84.1
Gujarat,Ahmedabad,Tomato,25111.85,52.1
Haryana,Hisar,Apple,8709.8,65.1
Rajasthan,Udaipur,Grapes,31903.52,52.4
Goa,Verna,Onion,40403.05,45.3
Tamil Nadu,Tirupur,Soybean,46860.27,74.3
Maharashtra,Nashik,Rice,22389.32,44.7
Punjab,Amritsar,Maize,39506.37,49.6
Uttar Pradesh,Kanpur,Wheat,44464.2,85.8
Madhya Pradesh,Gwalior,Cotton,4345.53,32.4
Karnataka,Shimoga,Potato,31036.72,67.1
Gujarat,Ahmedabad,Tomato,7032.69,88.6
Haryana,Hisar,Apple,30370.58,31.8
Rajasthan,Udaipur,Grapes,31273.03,65.8
Goa,Verna,Onion,14968.01,53.4
Tamil Nadu,Tirupur,Soybean,45628.15,34.3
Maharashtra,Nashik,Rice,32673.14,68.3
Punjab,Amritsar,Maize,23864.8,39.3
Uttar Pradesh,Kanpur,Wheat,12110.08,57.2
Madhya Pradesh,Gwalior,Cotton,4703.07,44.0
Karnataka,Shimoga,Potato,3812.49,70.3
Gujarat,Ahmedabad,Tomato,40316.47,40.2
Haryana,Hisar,Apple,19556.67,81.5
Rajasthan,Udaipur,Grapes,30794.95,52.5
Goa,Verna,Onion,12647.04,50.0
Tamil Nadu,Tirupur,Soybean,25160.59,86.0
Maharashtra,Nashik,Rice,6904.69,62.2
Punjab,Amritsar,Maize,29365.62,66.8
Uttar Pradesh,Kanpur,Wheat,25221.67,44.5
Madhya Pradesh,Gwalior,Cotton,3287.66,40.2
Karnataka,Shimoga,Potato,8326.33,61.9
Gujarat,Ahmedabad,Tomato,30146.21,86.0
Haryana,Hisar,Apple,46982.66,36.6
Rajasthan,Udaipur,Grapes,37161.11,40.9
Goa,Verna,Onion,33601.04,55.3
Tamil Nadu,Tirupur,Soybean,41799.67,90.9
Maharashtra,Nashik,Rice,36298.09,63.6
Punjab,Amritsar,Maize,44852.34,90.8
Uttar Pradesh,Kanpur,Wheat,48348.63,64.7
Madhya Pradesh,Gwalior,Cotton,21968.98,44.2
Karnataka,Shimoga,Potato,42154.08,72.7
Gujarat,Ahmedabad,Tomato,4335.78,44.4
Haryana,Hisar,Apple,28824.75,71.3
Rajasthan,Udaipur,Grapes,45909.71,73.6
Goa,Verna,Onion,37125.15,49.7
Tamil Nadu,Tirupur,Soybean,21314.39,81.2
Maharashtra,Nashik,Rice,33695.3,81.1
Punjab,Amritsar,Maize,35007.05,31.9
Uttar Pradesh,Kanpur,Wheat,36670.46,37.9
Madhya Pradesh,Gwalior,Cotton,37355.95,72.0
Karnataka,Shimoga,Potato,47184.09,40.8
Gujarat,Ahmedabad,Tomato,30404.38,40.2
Haryana,Hisar,Apple,32927.67,68.5
Rajasthan,Udaipur,Grapes,28327.63,51.1
Goa,Verna,Onion,17011.29,30.0
Tamil Nadu,Tirupur,Soybean,16781.59,45.1
Maharashtra,Nashik,Rice,49834.16,49.0
Punjab,Amritsar,Maize,40812.77,93.5
Uttar Pradesh,Kanpur,Wheat,13788.56,89.6
Madhya Pradesh,Gwalior,Cotton,45902.16,30.7
Karnataka,Shimoga,Potato,47552.75,86.7
Gujarat,Ahmedabad,Tomato,12487.05,37.0
Haryana,Hisar,Apple,1113.62,88.3
Rajasthan,Udaipur,Grapes,45092.51,57.2
Goa,Verna,Onion,3456.92,71.2
Tamil Nadu,Tirupur,Soybean,47958.77,62.4
Maharashtra,Nashik,Rice,48668.59,65.2
Punjab,Amritsar,Maize,33712.52,93.7
Uttar Pradesh,Kanpur,Wheat,3793.99,49.9
Madhya Pradesh,Gwalior,Cotton,42887.46,71.6
Karnataka,Shimoga,Potato,19651.82,89.3
Gujarat,Ahmedabad,Tomato,12408.44,39.8
Haryana,Hisar,Apple,11702.84,82.0
Rajasthan,Udaipur,Grapes,15287.0,38.2
Goa,Verna,Onion,4315.87,68.1
Tamil Nadu,Tirupur,Soybean,10536.18,55.7
Maharashtra,Nashik,Rice,12020.33,59.0
Punjab,Amritsar,Maize,26591.85,77.8
Uttar Pradesh,Kanpur,Wheat,20670.62,51.0
Madhya Pradesh,Gwalior,Cotton,27253.42,86.6
Karnataka,Shimoga,Potato,6365.25,44.2
Gujarat,Ahmedabad,Tomato,36955.31,53.1
Haryana,Hisar,Apple,41247.57,58.3
Rajasthan,Udaipur,Grapes,11062.8,91.9
Goa,Verna,Onion,11335.11,92.5
Tamil Nadu,Tirupur,Soybean,9535.73,64.1
Maharashtra,Nashik,Rice,32939.71,46.2
Punjab,Amritsar,Maize,32564.37,41.1
Uttar Pradesh,Kanpur,Wheat,33567.68,60.5
Madhya Pradesh,Gwalior,Cotton,39681.48,67.2
Karnataka,Shimoga,Potato,24506.77,47.5
Gujarat,Ahmedabad,Tomato,32348.84,59.7
Haryana,Hisar,Apple,13399.4,44.8
Rajasthan,Udaipur,Grapes,44422.71,35.5
Goa,Verna,Onion,27800.65,63.6
Tamil Nadu,Tirupur,Soybean,36342.9,61.7
Maharashtra,Nashik,Rice,11145.6,69.6
Punjab,Amritsar,Maize,27563.79,87.3
Uttar Pradesh,Kanpur,Wheat,41861.04,80.8
Madhya Pradesh,Gwalior,Cotton,10791.83,63.4
Karnataka,Shimoga,Potato,23973.07,70.0
Gujarat,Ahmedabad,Tomato,33421.11,33.0
Haryana,Hisar,Apple,29291.49,76.9
Rajasthan,Udaipur,Grapes,9758.39,33.0
Goa,Verna,Onion,31330.43,56.0
Tamil Nadu,Tirupur,Soybean,43415.16,93.9
Maharashtra,Nashik,Rice,7440.8,59.2
Punjab,Amritsar,Maize,42928.75,70.5
Uttar Pradesh,Kanpur,Wheat,16755.0,33.9
Madhya Pradesh,Gwalior,Cotton,18258.52,50.1
Karnataka,Shimoga,Potato,12919.82,39.5
Gujarat,Ahmedabad,Tomato,28254.23,92.7
Haryana,Hisar,Apple,24515.71,40.5
Rajasthan,Udaipur,Grapes,26769.1,40.8
Goa,Verna,Onion,37013.86,41.2
Tamil Nadu,Tirupur,Soybean,20280.88,42.3
Maharashtra,Nashik,Rice,21760.7,86.4
Punjab,Amritsar,Maize,30590.64,44.6
Uttar Pradesh,Kanpur,Wheat,34567.36,50.1
Madhya Pradesh,Gwalior,Cotton,2597.11,43.6
Karnataka,Shimoga,Potato,12294.66,54.8
Gujarat,Ahmedabad,Tomato,13469.06,92.9
Haryana,Hisar,Apple,44518.25,64.4
Rajasthan,Udaipur,Grapes,45958.96,38.3
Goa,Verna,Onion,11757.73,31.1
Tamil Nadu,Tirupur,Soybean,47312.42,52.4
Maharashtra,Nashik,Rice,46308.56,87.3
Punjab,Amritsar,Maize,5648.68,30.9
Uttar Pradesh,Kanpur,Wheat,22396.36,40.4
Madhya Pradesh,Gwalior,Cotton,6192.7,79.2
Karnataka,Shimoga,Potato,15853.28,76.0
Gujarat,Ahmedabad,Tomato,33738.51,58.9
Haryana,Hisar,Apple,14416.26,44.2
Rajasthan,Udaipur,Grapes,2127.85,34.1
Goa,Verna,Onion,12961.16,83.8
Tamil Nadu,Tirupur,Soybean,32674.86,88.4
Maharashtra,Nashik,Rice,16780.44,79.6
Punjab,Amritsar,Maize,22089.27,84.9
Uttar Pradesh,Kanpur,Wheat,20083.41,79.4
Madhya Pradesh,Gwalior,Cotton,25663.95,91.7
Karnataka,Shimoga,Potato,49975.56,63.4
Gujarat,Ahmedabad,Tomato,49998.74,81.1
Haryana,Hisar,Apple,16328.8,42.6
Rajasthan,Udaipur,Grapes,18018.34,56.2
Goa,Verna,Onion,12782.96,80.2
Tamil Nadu,Tirupur,Soybean,5484.37,79.5
Maharashtra,Nashik,Rice,34834.33,78.4
Punjab,Amritsar,Maize,47771.42,93.3
Uttar Pradesh,Kanpur,Wheat,3724.17,53.1
Madhya Pradesh,Gwalior,Cotton,13761.09,40.8
Karnataka,Shimoga,Potato,26864.59,34.6
Gujarat,Ahmedabad,Tomato,25521.81,72.4
Haryana,Hisar,Apple,44298.74,46.5
Rajasthan,Udaipur,Grapes,48705.33,56.2
Goa,Verna,Onion,28210.54,57.1
Tamil Nadu,Tirupur,Soybean,1140.03,49.6
Maharashtra,Nashik,Rice,37140.02,43.6
Punjab,Amritsar,Maize,32310.87,67.3
Uttar Pradesh,Kanpur,Wheat,40537.35,53.2
Madhya Pradesh,Gwalior,Cotton,9059.72,77.7
Karnataka,Shimoga,Potato,27901.88,31.9
Gujarat,Ahmedabad,Tomato,48915.01,73.9
Haryana,Hisar,Apple,30547.47,94.6
Rajasthan,Udaipur,Grapes,43974.38,48.0
Goa,Verna,Onion,3039.63,50.3
Tamil Nadu,Tirupur,Soybean,32953.89,36.7
Maharashtra,Nashik,Rice,1140.72,74.3
Punjab,Amritsar,Maize,34435.4,94.6
Uttar Pradesh,Kanpur,Wheat,21798.88,69.5
Madhya Pradesh,Gwalior,Cotton,33694.66,90.5
Karnataka,Shimoga,Potato,29563.97,63.2
Gujarat,Ahmedabad,Tomato,14037.18,43.5
Haryana,Hisar,Apple,20512.02,90.4
Rajasthan,Udaipur,Grapes,42793.66,74.6
Goa,Verna,Onion,24354.74,58.7
Tamil Nadu,Tirupur,Soybean,35479.91,71.9
Maharashtra,Nashik,Rice,42422.25,88.0
Punjab,Amritsar,Maize,2409.47,38.4
Uttar Pradesh,Kanpur,Wheat,2678.64,33.1
Madhya Pradesh,Gwalior,Cotton,11822.5,70.0
Karnataka,Shimoga,Potato,6140.55,76.6
Gujarat,Ahmedabad,Tomato,14606.35,67.2
Haryana,Hisar,Apple,23758.06,70.5
Rajasthan,Udaipur,Grapes,41851.16,36.7
Goa,Verna,Onion,49803.8,90.7
Tamil Nadu,Tirupur,Soybean,46977.01,74.9
Maharashtra,Nashik,Rice,35285.32,86.0
Punjab,Amritsar,Maize,16872.1,35.4
Uttar Pradesh,Kanpur,Wheat,45045.54,62.3
Madhya Pradesh,Gwalior,Cotton,23137.97,70.0
Karnataka,Shimoga,Potato,22886.69,40.8
Gujarat,Ahmedabad,Tomato,39527.17,53.6
Haryana,Hisar,Apple,37085.72,65.2
Rajasthan,Udaipur,Grapes,43749.98,93.3
Goa,Verna,Onion,3046.45,63.5
Tamil Nadu,Tirupur,Soybean,39573.42,81.2
Maharashtra,Nashik,Rice,14026.29,86.7
Punjab,Amritsar,Maize,20227.29,74.0
Uttar Pradesh,Kanpur,Wheat,45514.12,65.5
Madhya Pradesh,Gwalior,Cotton,24549.8,58.0
Karnataka,Shimoga,Potato,42876.55,49.3
Gujarat,Ahmedabad,Tomato,33654.7,81.0
Haryana,Hisar,Apple,32262.73,30.9
Rajasthan,Udaipur,Grapes,29637.95,69.4
Goa,Verna,Onion,37413.84,72.9
Tamil Nadu,Tirupur,Soybean,33697.63,90.2
Maharashtra,Nashik,Rice,26716.48,68.5
Punjab,Amritsar,Maize,27854.37,82.0
Uttar Pradesh,Kanpur,Wheat,45923.61,40.8
Madhya Pradesh,Gwalior,Cotton,30947.55,59.9
Karnataka,Shimoga,Potato,47496.76,42.6
Gujarat,Ahmedabad,Tomato,39679.78,87.7
Haryana,Hisar,Apple,29210.77,88.3
Rajasthan,Udaipur,Grapes,45395.57,67.9
Goa,Verna,Onion,11834.83,53.9
Tamil Nadu,Tirupur,Soybean,8606.82,38.6
Maharashtra,Nashik,Rice,10245.6,37.8
Punjab,Amritsar,Maize,17233.32,90.8
Uttar Pradesh,Kanpur,Wheat,34194.78,80.8
Madhya Pradesh,Gwalior,Cotton,44197.13,35.9
Karnataka,Shimoga,Potato,7302.18,48.9
Gujarat,Ahmedabad,Tomato,43019.35,62.5
Haryana,Hisar,Apple,5864.33,33.6
Rajasthan,Udaipur,Grapes,6587.44,83.7
Goa,Verna,Onion,25831.12,31.7
Tamil Nadu,Tirupur,Soybean,21781.32,66.9
Maharashtra,Nashik,Rice,12268.18,81.1
Punjab,Amritsar,Maize,42959.06,57.3
Uttar Pradesh,Kanpur,Wheat,37833.4,83.7
Madhya Pradesh,Gwalior,Cotton,7876.68,80.4
Karnataka,Shimoga,Potato,37334.73,68.1
Gujarat,Ahmedabad,Tomato,13209.93,81.2
Haryana,Hisar,Apple,49985.33,77.5
Rajasthan,Udaipur,Grapes,43041.71,90.0
Goa,Verna,Onion,17703.01,77.5
Tamil Nadu,Tirupur,Soybean,1217.62,65.8
Maharashtra,Nashik,Rice,16734.83,80.9
Punjab,Amritsar,Maize,16275.06,81.0
Uttar Pradesh,Kanpur,Wheat,5674.26,54.4
Madhya Pradesh,Gwalior,Cotton,39822.22,50.7
Karnataka,Shimoga,Potato,37988.72,60.7
Gujarat,Ahmedabad,Tomato,12625.31,77.3
Haryana,Hisar,Apple,41166.65,70.7
Rajasthan,Udaipur,Grapes,24726.19,94.6
Goa,Verna,Onion,38721.05,57.3
Tamil Nadu,Tirupur,Soybean,27210.19,48.1
Maharashtra,Nashik,Rice,13038.87,94.3
Punjab,Amritsar,Maize,27005.0,68.8
Uttar Pradesh,Kanpur,Wheat,18906.89,69.9
Madhya Pradesh,Gwalior,Cotton,29973.09,50.9
Karnataka,Shimoga,Potato,49792.39,67.4
Gujarat,Ahmedabad,Tomato,5262.33,40.1
Haryana,Hisar,Apple,33221.53,88.3
Rajasthan,Udaipur,Grapes,48853.21,58.7
Goa,Verna,Onion,41356.4,45.8
Tamil Nadu,Tirupur,Soybean,13899.19,36.8
Maharashtra,Nashik,Rice,46272.9,52.8
Punjab,Amritsar,Maize,26393.07,86.1
Uttar Pradesh,Kanpur,Wheat,43734.02,30.2
Madhya Pradesh,Gwalior,Cotton,9424.78,76.6
Karnataka,Shimoga,Potato,14898.17,86.7
Gujarat,Ahmedabad,Tomato,32950.27,88.9
Haryana,Hisar,Apple,4314.61,46.0
Rajasthan,Udaipur,Grapes,16223.06,65.9
Goa,Verna,Onion,44278.95,83.1
Tamil Nadu,Tirupur,Soybean,30223.47,84.5
Maharashtra,Nashik,Rice,45140.62,62.0
Punjab,Amritsar,Maize,42862.39,80.2
Uttar Pradesh,Kanpur,Wheat,31673.54,41.6
Madhya Pradesh,Gwalior,Cotton,20317.79,39.2
Karnataka,Shimoga,Potato,17961.98,51.6
Gujarat,Ahmedabad,Tomato,32983.91,88.9
Haryana,Hisar,Apple,44879.06,32.8
Rajasthan,Udaipur,Grapes,28707.41,68.0
Goa,Verna,Onion,3214.88,89.0
Tamil Nadu,Tirupur,Soybean,24232.19,66.9
Maharashtra,Nashik,Rice,20369.43,82.8
Punjab,Amritsar,Maize,5985.16,93.4
Uttar Pradesh,Kanpur,Wheat,5867.68,55.6
Madhya Pradesh,Gwalior,Cotton,22862.51,61.5
Karnataka,Shimoga,Potato,14534.38,74.3
Gujarat,Ahmedabad,Tomato,23978.43,82.3
Haryana,Hisar,Apple,46217.32,84.6
Rajasthan,Udaipur,Grapes,15493.13,64.0
Goa,Verna,Onion,6123.29,56.9
Tamil Nadu,Tirupur,Soybean,16256.38,59.6
Maharashtra,Nashik,Rice,31829.3,38.0
Punjab,Amritsar,Maize,23070.16,40.0
Uttar Pradesh,Kanpur,Wheat,46924.33,42.8
Madhya Pradesh,Gwalior,Cotton,4251.73,90.3
Karnataka,Shimoga,Potato,33256.9,90.1
Gujarat,Ahmedabad,Tomato,18765.79,50.8
Haryana,Hisar,Apple,20064.63,33.1
Rajasthan,Udaipur,Grapes,49112.39,53.1
Goa,Verna,Onion,37983.99,76.6
Tamil Nadu,Tirupur,Soybean,39958.4,76.8
Maharashtra,Nashik,Rice,45781.92,30.5
Punjab,Amritsar,Maize,39627.62,71.4
Uttar Pradesh,Kanpur,Wheat,40222.31,92.9
Madhya Pradesh,Gwalior,Cotton,46260.38,50.5
Karnataka,Shimoga,Potato,13402.93,79.0
Gujarat,Ahmedabad,Tomato,22289.82,55.7
Haryana,Hisar,Apple,41280.8,86.4
Rajasthan,Udaipur,Grapes,18181.99,32.3
Goa,Verna,Onion,41206.25,69.5
Tamil Nadu,Tirupur,Soybean,23452.1,84.4
Maharashtra,Nashik,Rice,28126.29,87.3
Punjab,Amritsar,Maize,30021.32,82.3
Uttar Pradesh,Kanpur,Wheat,12973.97,61.4
Madhya Pradesh,Gwalior,Cotton,5641.69,50.2
Karnataka,Shimoga,Potato,30840.22,52.1
Gujarat,Ahmedabad,Tomato,18791.93,64.2
Haryana,Hisar,Apple,41078.88,34.4
Rajasthan,Udaipur,Grapes,30652.91,84.0
Goa,Verna,Onion,15786.6,77.5
Tamil Nadu,Tirupur,Soybean,1602.2,33.2
Maharashtra,Nashik,Rice,44305.56,59.6
Punjab,Amritsar,Maize,48219.86,63.2
Uttar Pradesh,Kanpur,Wheat,8558.71,49.0
Madhya Pradesh,Gwalior,Cotton,8640.2,87.8
Karnataka,Shimoga,Potato,16352.12,78.5
Gujarat,Ahmedabad,Tomato,8526.62,52.1
Haryana,Hisar,Apple,16052.2,81.5
Rajasthan,Udaipur,Grapes,23229.05,88.5
Goa,Verna,Onion,36022.55,86.2
Tamil Nadu,Tirupur,Soybean,12199.54,41.2
Maharashtra,Nashik,Rice,32345.04,56.2
Punjab,Amritsar,Maize,11551.94,86.4
Uttar Pradesh,Kanpur,Wheat,35278.55,73.8
Madhya Pradesh,Gwalior,Cotton,43595.88,94.2
Karnataka,Shimoga,Potato,13413.38,86.6
Gujarat,Ahmedabad,Tomato,20994.68,69.5
Haryana,Hisar,Apple,4053.72,78.8
Rajasthan,Udaipur,Grapes,17503.89,73.9
Goa,Verna,Onion,32042.18,53.2
Tamil Nadu,Tirupur,Soybean,13617.57,91.5
Maharashtra,Nashik,Rice,23041.41,72.2
Punjab,Amritsar,Maize,15684.26,65.1
Uttar Pradesh,Kanpur,Wheat,46325.71,76.5
Madhya Pradesh,Gwalior,Cotton,28892.92,89.3
Karnataka,Shimoga,Potato,10357.92,74.2
Gujarat,Ahmedabad,Tomato,47842.11,36.9
Haryana,Hisar,Apple,33014.4,75.1
Rajasthan,Udaipur,Grapes,32950.81,85.6
Goa,Verna,Onion,29875.42,84.4
Tamil Nadu,Tirupur,Soybean,31722.88,54.9
Maharashtra,Nashik,Rice,39469.06,74.8
Punjab,Amritsar,Maize,33273.15,64.4
Uttar Pradesh,Kanpur,Wheat,32147.83,43.2
Madhya Pradesh,Gwalior,Cotton,39110.84,54.7
Karnataka,Shimoga,Potato,42639.82,66.6
Gujarat,Ahmedabad,Tomato,4313.22,37.0
Haryana,Hisar,Apple,10346.72,49.0
Rajasthan,Udaipur,Grapes,21091.25,63.9
Goa,Verna,Onion,37495.36,30.8
Tamil Nadu,Tirupur,Soybean,31713.81,66.5
Maharashtra,Nashik,Rice,38419.07,93.2
Punjab,Amritsar,Maize,40974.43,57.2
Uttar Pradesh,Kanpur,Wheat,34228.92,77.6
Madhya Pradesh,Gwalior,Cotton,7271.35,57.0
Karnataka,Shimoga,Potato,37257.63,78.2
Gujarat,Ahmedabad,Tomato,40346.21,34.6
Haryana,Hisar,Apple,24554.96,42.2
Rajasthan,Udaipur,Grapes,39851.6,79.8
Goa,Verna,Onion,46946.89,67.3
Tamil Nadu,Tirupur,Soybean,37096.74,53.3
Maharashtra,Nashik,Rice,6544.33,71.8
Punjab,Amritsar,Maize,32928.11,78.5
Uttar Pradesh,Kanpur,Wheat,31768.41,90.7
Madhya Pradesh,Gwalior,Cotton,10258.88,33.9
Karnataka,Shimoga,Potato,41318.38,82.2
Gujarat,Ahmedabad,Tomato,32644.28,61.1
Haryana,Hisar,Apple,6478.72,52.1
Rajasthan,Udaipur,Grapes,32582.19,59.5
Goa,Verna,Onion,6798.32,91.3
Tamil Nadu,Tirupur,Soybean,2080.28,48.3
Maharashtra,Nashik,Rice,10039.22,32.8
Punjab,Amritsar,Maize,29470.36,34.7
Uttar Pradesh,Kanpur,Wheat,25242.46,91.2
Madhya Pradesh,Gwalior,Cotton,31729.13,92.4
Karnataka,Shimoga,Potato,11673.05,82.1
Gujarat,Ahmedabad,Tomato,37466.06,30.6
Haryana,Hisar,Apple,43819.03,57.4
Rajasthan,Udaipur,Grapes,48252.63,38.7
Goa,Verna,Onion,23204.58,76.8
Tamil Nadu,Tirupur,Soybean,47924.49,40.8
Maharashtra,Nashik,Rice,41378.74,66.1
Punjab,Amritsar,Maize,9714.28,77.2
Uttar Pradesh,Kanpur,Wheat,30366.9,85.3
Madhya Pradesh,Gwalior,Cotton,22047.72,79.7
Karnataka,Shimoga,Potato,44388.98,48.1
Gujarat,Ahmedabad,Tomato,14202.16,83.7
Haryana,Hisar,Apple,49072.23,68.7
Rajasthan,Udaipur,Grapes,18323.0,77.9
Goa,Verna,Onion,19852.57,60.4
Tamil Nadu,Tirupur,Soybean,20594.01,92.8
Maharashtra,Nashik,Rice,19383.58,66.1
Punjab,Amritsar,Maize,4019.56,50.5
Uttar Pradesh,Kanpur,Wheat,42071.4,58.2
Madhya Pradesh,Gwalior,Cotton,42764.74,62.6
Karnataka,Shimoga,Potato,47911.35,82.6
Gujarat,Ahmedabad,Tomato,9269.69,52.0
Haryana,Hisar,Apple,37429.22,74.2
Rajasthan,Udaipur,Grapes,42582.99,91.3
Goa,Verna,Onion,2904.39,66.4
Tamil Nadu,Tirupur,Soybean,19654.99,73.7
Maharashtra,Nashik,Rice,5634.58,75.1
Punjab,Amritsar,Maize,16364.62,68.9
Uttar Pradesh,Kanpur,Wheat,21020.57,73.8
Madhya Pradesh,Gwalior,Cotton,3647.41,81.8
Karnataka,Shimoga,Potato,24555.83,63.4
Gujarat,Ahmedabad,Tomato,41205.84,85.2
Haryana,Hisar,Apple,41348.33,44.9
Rajasthan,Udaipur,Grapes,15337.59,61.9
Goa,Verna,Onion,48237.1,55.8
Tamil Nadu,Tirupur,Soybean,3588.92,55.4
Maharashtra,Nashik,Rice,31121.36,66.4
Punjab,Amritsar,Maize,7088.56,60.7
Uttar Pradesh,Kanpur,Wheat,27269.68,30.6
Madhya Pradesh,Gwalior,Cotton,48663.69,43.6
Karnataka,Shimoga,Potato,2929.16,74.2
Gujarat,Ahmedabad,Tomato,8654.59,40.0
Haryana,Hisar,Apple,12948.68,66.7
Rajasthan,Udaipur,Grapes,18939.47,61.8
Goa,Verna,Onion,49743.73,54.1
Tamil Nadu,Tirupur,Soybean,22228.36,70.3
Maharashtra,Nashik,Rice,14004.65,72.6
Punjab,Amritsar,Maize,13178.6,43.3
Uttar Pradesh,Kanpur,Wheat,11814.93,74.4
Madhya Pradesh,Gwalior,Cotton,6807.18,71.8
Karnataka,Shimoga,Potato,31285.24,58.3
Gujarat,Ahmedabad,Tomato,25913.06,50.6
Haryana,Hisar,Apple,15069.47,94.4
Rajasthan,Udaipur,Grapes,23800.97,50.0
Goa,Verna,Onion,39913.52,94.0
Tamil Nadu,Tirupur,Soybean,35994.72,82.6
Maharashtra,Nashik,Rice,49059.17,84.5
Punjab,Amritsar,Maize,23612.77,77.5
Uttar Pradesh,Kanpur,Wheat,34123.35,56.9
Madhya Pradesh,Gwalior,Cotton,44141.07,34.5
Karnataka,Shimoga,Potato,5647.35,54.9
Gujarat,Ahmedabad,Tomato,20570.73,55.6
Haryana,Hisar,Apple,38505.53,38.9
Rajasthan,Udaipur,Grapes,34658.59,30.7
Goa,Verna,Onion,15913.33,46.3
Tamil Nadu,Tirupur,Soybean,2919.35,74.4
Maharashtra,Nashik,Rice,5485.55,90.9
Punjab,Amritsar,Maize,3937.04,51.1
Uttar Pradesh,Kanpur,Wheat,24861.87,59.1
Madhya Pradesh,Gwalior,Cotton,7226.91,46.4
Karnataka,Shimoga,Potato,35420.46,84.6
Gujarat,Ahmedabad,Tomato,24683.01,79.0
Haryana,Hisar,Apple,40705.82,56.2
Rajasthan,Udaipur,Grapes,35202.87,49.9
Goa,Verna,Onion,2280.55,90.7
Tamil Nadu,Tirupur,Soybean,46600.42,39.2
Maharashtra,Nashik,Rice,16850.36,41.7
Punjab,Amritsar,Maize,48695.59,87.0
Uttar Pradesh,Kanpur,Wheat,8048.16,70.1
Madhya Pradesh,Gwalior,Cotton,25994.48,38.8
Karnataka,Shimoga,Potato,39860.0,94.3
Gujarat,Ahmedabad,Tomato,7709.11,35.8
Haryana,Hisar,Apple,13820.99,83.8
Rajasthan,Udaipur,Grapes,35979.09,68.8
Goa,Verna,Onion,6115.36,90.5
Tamil Nadu,Tirupur,Soybean,17137.88,71.0
Maharashtra,Nashik,Rice,22818.29,38.3
Punjab,Amritsar,Maize,46820.73,87.5
Uttar Pradesh,Kanpur,Wheat,11200.03,67.9
Madhya Pradesh,Gwalior,Cotton,47106.29,59.7
Karnataka,Shimoga,Potato,19002.63,74.5
Gujarat,Ahmedabad,Tomato,43069.06,33.2
Haryana,Hisar,Apple,13033.28,89.0
Rajasthan,Udaipur,Grapes,19850.46,70.9
Goa,Verna,Onion,19094.36,38.8
Tamil Nadu,Tirupur,Soybean,35243.86,41.9
Maharashtra,Nashik,Rice,22908.67,78.2
Punjab,Amritsar,Maize,26819.05,91.3
Uttar Pradesh,Kanpur,Wheat,1689.2,40.7
Madhya Pradesh,Gwalior,Cotton,19605.69,52.8
Karnataka,Shimoga,Potato,16468.85,92.5
Gujarat,Ahmedabad,Tomato,6847.61,47.3
Haryana,Hisar,Apple,41582.12,35.9
Rajasthan,Udaipur,Grapes,7471.26,88.9
Goa,Verna,Onion,12696.47,67.6
Tamil Nadu,Tirupur,Soybean,36586.86,30.4
Maharashtra,Nashik,Rice,17235.35,85.9
Punjab,Amritsar,Maize,16454.02,89.1
Uttar Pradesh,Kanpur,Wheat,41578.79,42.8
Madhya Pradesh,Gwalior,Cotton,43768.01,76.1
Karnataka,Shimoga,Potato,47182.92,38.4
Gujarat,Ahmedabad,Tomato,32009.92,92.6
Haryana,Hisar,Apple,25852.8,73.0
Rajasthan,Udaipur,Grapes,7956.22,90.7
Goa,Verna,Onion,44197.47,57.0
Tamil Nadu,Tirupur,Soybean,1038.26,94.8
Maharashtra,Nashik,Rice,33487.46,32.4
Punjab,Amritsar,Maize,34659.07,86.1
Uttar Pradesh,Kanpur,Wheat,24381.7,72.9
Madhya Pradesh,Gwalior,Cotton,6537.78,91.7
Karnataka,Shimoga,Potato,29185.33,90.9
Gujarat,Ahmedabad,Tomato,15622.08,66.3
Haryana,Hisar,Apple,33839.0,44.5
Rajasthan,Udaipur,Grapes,1964.56,49.5
Goa,Verna,Onion,45550.4,61.2
Tamil Nadu,Tirupur,Soybean,24103.08,37.7
Maharashtra,Nashik,Rice,13150.81,76.6
Punjab,Amritsar,Maize,17219.82,50.1
Uttar Pradesh,Kanpur,Wheat,5146.35,67.7
Madhya Pradesh,Gwalior,Cotton,39773.6,90.8
Karnataka,Shimoga,Potato,46851.2,41.2
Gujarat,Ahmedabad,Tomato,10894.51,39.9
Haryana,Hisar,Apple,27732.47,87.2
Rajasthan,Udaipur,Grapes,31091.71,53.0
Goa,Verna,Onion,42367.55,45.0
Tamil Nadu,Tirupur,Soybean,45101.83,65.7
Maharashtra,Nashik,Rice,23058.03,92.0
Punjab,Amritsar,Maize,32349.78,31.5
Uttar Pradesh,Kanpur,Wheat,27869.8,45.0
Madhya Pradesh,Gwalior,Cotton,34385.34,42.9
Karnataka,Shimoga,Potato,40612.63,80.8
Gujarat,Ahmedabad,Tomato,37954.27,67.1
Haryana,Hisar,Apple,41534.52,76.0
Rajasthan,Udaipur,Grapes,15123.77,53.4
Goa,Verna,Onion,25310.85,56.2
Tamil Nadu,Tirupur,Soybean,20143.07,47.8
Maharashtra,Nashik,Rice,23386.82,66.4
Punjab,Amritsar,Maize,22575.43,88.5
Uttar Pradesh,Kanpur,Wheat,1782.6,35.7
Madhya Pradesh,Gwalior,Cotton,10622.69,45.6
Karnataka,Shimoga,Potato,46460.89,87.4
Gujarat,Ahmedabad,Tomato,41649.72,57.2
Haryana,Hisar,Apple,1105.55,89.5
Rajasthan,Udaipur,Grapes,19126.87,61.3
Goa,Verna,Onion,6705.98,60.0
Tamil Nadu,Tirupur,Soybean,41988.39,49.0
Maharashtra,Nashik,Rice,2702.46,59.9
Punjab,Amritsar,Maize,29674.0,69.1
Uttar Pradesh,Kanpur,Wheat,2183.67,41.6
Madhya Pradesh,Gwalior,Cotton,41757.17,74.2
Karnataka,Shimoga,Potato,18991.1,61.6
Gujarat,Ahmedabad,Tomato,46403.06,92.9
Haryana,Hisar,Apple,1503.88,45.1
Rajasthan,Udaipur,Grapes,11650.76,79.9
Goa,Verna,Onion,5264.13,60.6
Tamil Nadu,Tirupur,Soybean,29177.79,93.8
Maharashtra,Nashik,Rice,4770.29,55.3
Punjab,Amritsar,Maize,18263.46,54.9
Uttar Pradesh,Kanpur,Wheat,22413.52,50.2
Madhya Pradesh,Gwalior,Cotton,37855.31,82.8
Karnataka,Shimoga,Potato,41370.93,72.7
